FD,SCI,CO,PPI_SUM,BF_Ex,BF_Ag,BF_Co,BF_Em,BF_Op,CareerSat,PromSat,SalSat,AnnSalary,PromFreq,OwnOffice,CarAccess,Budget,Employee,ProfSat_composite,MatSucc_composite,ProfStd,Gender,MonthsInJob,Age,IM,Gender_male,ProfSat_z,MatSucc_z
43,28,5,95,8,10,8,9,12,3,5.0,3,2,8.0,1,1,3,1,13,16.0,6,1,,24,39.0,0,-0.8062147878419671,1.264446096324785
48,25,9,100,8,10,11,10,12,7,6.0,6,2,4.0,1,1,3,2,21,13.0,7,1,183.0,39,33.0,0,0.5831013725608732,0.5678078696703751
27,32,16,84,10,4,9,6,11,7,8.0,3,2,2.0,1,1,1,2,20,9.0,5,1,18.0,32,40.0,0,0.40943685251051815,-0.36104309920217137
29,31,8,79,8,9,9,6,9,7,5.0,6,2,3.0,1,2,7,1,20,16.0,11,1,,24,30.0,0,0.40943685251051815,1.264446096324785
39,27,9,87,9,9,12,8,11,5,4.0,3,2,2.0,3,1,1,2,14,11.0,7,1,38.0,24,35.0,0,-0.632550267791612,0.10338238523410187
33,30,14,81,10,10,10,9,9,5,3.0,3,2,6.0,4,1,5,2,13,20.0,12,1,214.0,36,31.0,0,-0.8062147878419671,2.1932970651973314
26,31,12,76,6,4,8,4,9,9,9.0,7,3,4.0,1,1,2,2,28,13.0,6,1,180.0,39,20.0,0,1.7987530129133584,0.5678078696703751
35,31,6,81,9,11,12,8,8,7,6.0,6,2,3.0,1,1,3,3,21,13.0,8,1,155.0,43,46.0,0,0.5831013725608732,0.5678078696703751
34,31,10,88,6,10,10,7,9,2,3.0,5,1,1.0,1,1,1,1,11,6.0,4,1,6.0,45,38.0,0,-1.1535438279426773,-1.0576813258565811
33,32,15,86,6,6,12,7,7,6,5.0,8,2,1.0,1,1,1,1,21,7.0,4,1,22.0,24,27.0,0,0.5831013725608732,-0.8254685836384446
37,28,9,86,11,11,9,11,11,7,7.0,7,2,2.0,1,1,2,2,23,10.0,6,1,24.0,29,35.0,0,0.9304304126615832,-0.12883035698403475
26,35,7,81,11,9,6,5,10,2,2.0,2,2,1.0,1,1,1,1,8,7.0,4,1,16.0,27,24.0,0,-1.6745373880937424,-0.8254685836384446
39,28,13,86,7,11,12,11,11,7,7.0,6,2,2.0,1,1,2,2,22,10.0,6,1,46.0,34,35.0,0,0.7567658926112282,-0.12883035698403475
39,34,12,93,8,8,11,9,9,6,6.0,5,2,5.0,2,1,2,2,19,14.0,7,1,144.0,42,49.0,0,0.2357723324601631,0.8000206118885117
28,32,10,74,7,9,11,9,10,6,5.0,5,2,8.0,1,1,1,1,18,14.0,4,1,44.0,27,23.0,0,0.06210781240980806,0.8000206118885117
38,25,13,90,10,9,7,9,10,4,1.0,4,2,1.0,1,1,1,1,11,7.0,4,1,63.0,50,31.0,0,-1.1535438279426773,-0.8254685836384446
27,27,10,72,11,11,11,7,8,6,8.0,8,2,2.0,6,1,1,2,24,14.0,10,1,38.0,31,26.0,0,1.1040949327119383,0.8000206118885117
41,20,12,81,13,12,13,13,12,7,7.0,5,3,7.0,3,1,2,3,22,19.0,9,1,242.0,42,39.0,0,0.7567658926112282,1.9610843229791948
37,32,11,90,4,8,11,9,8,1,8.0,3,1,1.0,1,1,1,1,13,6.0,4,1,35.0,37,36.0,0,-0.8062147878419671,-1.0576813258565811
39,26,8,83,11,11,11,10,9,8,7.0,6,2,3.0,1,3,1,2,23,12.0,7,1,27.0,43,43.0,0,0.9304304126615832,0.33559512745223846
43,26,6,84,9,13,10,10,10,5,5.0,4,1,2.0,1,1,1,1,15,7.0,4,1,23.0,47,42.0,0,-0.45888574774125707,-0.8254685836384446
33,25,10,75,7,10,11,10,10,5,5.0,3,2,1.0,1,1,1,1,15,7.0,4,1,13.0,24,34.0,0,-0.45888574774125707,-0.8254685836384446
41,25,10,91,12,10,11,11,11,4,4.0,5,3,4.0,5,1,5,3,16,21.0,14,1,122.0,49,40.0,0,-0.285221227690902,2.425509807415468
45,31,13,102,10,13,11,13,13,4,4.0,4,3,3.0,2,1,6,3,15,18.0,12,1,144.0,40,36.0,0,-0.45888574774125707,1.7288715807610582
30,30,7,86,12,8,7,8,7,2,3.0,3,2,5.0,5,1,1,1,10,15.0,8,1,106.0,54,38.0,0,-1.3272083479930323,1.0322333541066484
42,26,12,86,11,9,11,10,11,7,1.0,7,1,1.0,1,1,1,1,16,6.0,4,1,96.0,26,26.0,0,-0.285221227690902,-1.0576813258565811
20,36,13,83,7,6,8,6,8,4,1.0,3,2,1.0,1,1,1,1,10,7.0,4,1,300.0,55,15.0,0,-1.3272083479930323,-0.8254685836384446
35,41,15,103,9,7,6,6,9,6,3.0,6,2,4.0,1,1,1,2,17,11.0,5,1,12.0,27,18.0,0,-0.11155670764054698,0.10338238523410187
41,32,5,87,11,12,10,11,12,7,4.0,7,2,2.0,1,1,2,1,20,9.0,5,1,36.0,30,33.0,0,0.40943685251051815,-0.36104309920217137
37,29,12,87,8,10,10,7,8,5,5.0,6,1,1.0,1,1,1,1,17,6.0,4,1,93.0,29,28.0,0,-0.11155670764054698,-1.0576813258565811
36,33,15,94,4,6,11,9,10,5,3.0,4,2,1.0,1,1,5,1,14,11.0,8,1,23.0,28,22.0,0,-0.632550267791612,0.10338238523410187
31,30,11,81,7,9,11,5,9,5,5.0,5,2,2.0,1,1,1,2,17,9.0,5,1,14.0,24,31.0,0,-0.11155670764054698,-0.36104309920217137
41,31,9,94,12,9,9,9,11,5,5.0,6,2,3.0,1,1,1,1,18,9.0,4,1,39.0,35,26.0,0,0.06210781240980806,-0.36104309920217137
34,24,11,79,5,9,12,13,9,7,7.0,7,2,2.0,1,1,1,2,23,9.0,5,1,181.0,38,45.0,0,0.9304304126615832,-0.36104309920217137
20,28,5,65,4,13,6,5,8,8,5.0,9,2,8.0,3,1,1,1,24,16.0,6,1,37.0,29,37.0,0,1.1040949327119383,1.264446096324785
39,38,11,95,9,8,10,8,7,4,3.0,6,3,2.0,4,1,2,2,16,14.0,9,1,190.0,53,21.0,0,-0.285221227690902,0.8000206118885117
33,29,14,89,4,6,13,10,10,7,7.0,7,2,4.0,1,1,1,1,23,10.0,4,1,3.0,38,26.0,0,0.9304304126615832,-0.12883035698403475
37,23,6,80,10,12,10,7,8,5,5.0,5,2,7.0,1,1,1,1,17,13.0,4,1,1.0,26,48.0,0,-0.11155670764054698,0.5678078696703751
37,34,11,91,10,8,11,7,6,7,5.0,4,3,2.0,6,1,2,2,19,16.0,11,1,180.0,53,17.0,0,0.2357723324601631,1.264446096324785
25,28,18,77,3,11,9,5,9,7,7.0,8,2,2.0,1,1,1,1,24,8.0,4,1,60.0,34,37.0,0,1.1040949327119383,-0.593255841420308
32,30,7,84,5,12,12,8,9,3,5.0,7,1,1.0,1,1,1,1,16,6.0,4,1,36.0,24,32.0,0,-0.285221227690902,-1.0576813258565811
36,25,7,77,5,10,12,8,9,7,7.0,7,3,2.0,1,1,1,2,24,10.0,5,1,63.0,35,26.0,0,1.1040949327119383,-0.12883035698403475
36,37,11,95,4,10,8,5,10,4,2.0,6,1,1.0,1,1,1,1,13,6.0,4,1,,41,21.0,0,-0.8062147878419671,-1.0576813258565811
28,30,8,76,7,10,10,7,8,7,1.0,6,2,1.0,1,1,1,1,16,7.0,4,1,126.0,38,28.0,0,-0.285221227690902,-0.8254685836384446
24,31,11,75,8,11,12,6,6,6,4.0,4,1,2.0,1,1,1,1,15,7.0,4,1,,22,37.0,0,-0.45888574774125707,-0.8254685836384446
37,30,8,89,8,11,6,6,10,6,7.0,8,2,3.0,1,1,1,1,23,9.0,4,1,3.0,33,28.0,0,0.9304304126615832,-0.36104309920217137
39,40,10,102,9,8,8,8,8,4,4.0,5,2,3.0,1,1,1,2,15,10.0,5,1,13.0,31,25.0,0,-0.45888574774125707,-0.12883035698403475
39,25,7,82,12,8,11,7,9,7,6.0,6,2,3.0,1,1,2,1,21,10.0,5,1,16.0,24,39.0,0,0.5831013725608732,-0.12883035698403475
38,36,9,97,5,9,10,8,11,7,5.0,6,2,1.0,1,1,1,1,20,7.0,4,1,3.0,25,41.0,0,0.40943685251051815,-0.8254685836384446
39,34,8,92,12,11,7,6,10,8,8.0,8,2,2.0,3,1,1,1,26,10.0,6,1,,24,37.0,0,1.4514239728126483,-0.12883035698403475
38,23,10,81,5,11,13,10,11,5,5.0,4,1,8.0,1,1,1,1,15,13.0,4,1,117.0,38,37.0,0,-0.45888574774125707,0.5678078696703751
32,31,9,84,4,10,11,10,8,3,1.0,4,2,1.0,1,1,1,1,10,7.0,4,1,254.0,45,25.0,0,-1.3272083479930323,-0.8254685836384446
23,33,7,66,6,13,12,7,6,6,1.0,2,1,1.0,1,1,1,1,10,6.0,4,1,182.0,53,47.0,0,-1.3272083479930323,-1.0576813258565811
27,20,7,64,9,12,12,5,8,8,8.0,8,2,2.0,1,1,1,1,26,8.0,4,1,42.0,54,49.0,0,1.4514239728126483,-0.593255841420308
45,26,10,95,12,12,11,12,11,7,6.0,8,2,4.0,2,1,3,2,23,14.0,8,1,246.0,46,38.0,0,0.9304304126615832,0.8000206118885117
29,36,9,85,9,10,10,8,10,7,7.0,6,2,3.0,1,1,1,2,22,10.0,5,1,24.0,36,30.0,0,0.7567658926112282,-0.12883035698403475
26,28,9,73,8,8,11,8,9,6,2.0,7,2,1.0,3,1,1,1,17,9.0,6,1,3.0,25,30.0,0,-0.11155670764054698,-0.36104309920217137
40,38,12,103,8,8,7,11,9,7,8.0,5,1,2.0,1,1,1,1,21,7.0,4,1,12.0,25,25.0,0,0.5831013725608732,-0.8254685836384446
36,27,8,80,11,10,11,4,10,9,7.0,6,1,8.0,1,1,7,2,23,20.0,11,1,8.0,27,43.0,0,0.9304304126615832,2.1932970651973314
33,25,10,80,9,9,12,9,12,7,7.0,7,2,4.0,1,1,2,2,23,12.0,6,1,114.0,34,37.0,0,0.9304304126615832,0.33559512745223846
26,30,11,74,5,11,11,7,8,3,3.0,3,2,8.0,1,1,1,1,11,14.0,4,1,1.0,29,34.0,0,-1.1535438279426773,0.8000206118885117
43,38,8,110,13,8,11,5,13,3,1.0,2,1,1.0,1,1,1,1,7,6.0,4,1,48.0,27,23.0,0,-1.8482019081440975,-1.0576813258565811
33,27,10,77,5,11,10,10,7,6,6.0,7,2,2.0,1,1,1,1,21,8.0,4,1,62.0,36,40.0,0,0.5831013725608732,-0.593255841420308
33,31,9,81,7,11,8,8,11,2,1.0,3,2,1.0,6,1,2,1,8,13.0,10,1,70.0,41,29.0,0,-1.6745373880937424,0.5678078696703751
33,32,10,84,7,12,10,9,11,9,9.0,9,2,2.0,1,1,2,2,29,10.0,6,1,16.0,24,38.0,0,1.9724175329637135,-0.12883035698403475
30,31,12,81,3,11,7,9,8,8,8.0,8,2,3.0,1,1,1,1,26,9.0,4,1,63.0,30,27.0,0,1.4514239728126483,-0.36104309920217137
36,35,11,94,10,11,12,9,9,3,1.0,4,1,1.0,1,1,1,1,9,6.0,4,1,96.0,49,32.0,0,-1.5008728680433874,-1.0576813258565811
37,34,11,88,9,7,12,7,6,8,8.0,9,1,2.0,1,1,1,3,26,9.0,6,1,14.0,19,28.0,0,1.4514239728126483,-0.36104309920217137
39,29,8,85,7,10,13,12,9,9,7.0,3,2,3.0,1,1,1,3,21,11.0,6,1,55.0,33,43.0,0,0.5831013725608732,0.10338238523410187
28,32,9,80,6,11,11,9,11,6,4.0,7,2,2.0,1,1,1,2,19,9.0,5,1,27.0,28,31.0,0,0.2357723324601631,-0.36104309920217137
30,30,16,88,4,10,11,10,10,5,6.0,4,1,1.0,1,3,1,2,16,9.0,7,1,18.0,27,36.0,0,-0.285221227690902,-0.36104309920217137
35,39,8,91,9,9,11,10,8,7,9.0,5,2,7.0,1,1,1,2,23,14.0,5,1,3.0,40,28.0,0,0.9304304126615832,0.8000206118885117
32,22,13,84,7,9,11,8,7,2,3.0,5,2,2.0,1,1,1,1,12,8.0,4,1,7.0,37,40.0,0,-0.9798793078923221,-0.593255841420308
29,26,13,74,7,8,13,6,10,6,1.0,6,2,1.0,1,1,1,1,15,7.0,4,1,13.0,24,33.0,0,-0.45888574774125707,-0.8254685836384446
41,33,11,95,10,7,8,9,9,4,4.0,3,3,6.0,1,4,1,2,14,17.0,8,1,22.0,27,27.0,0,-0.632550267791612,1.4966588385429216
37,30,12,85,6,8,10,10,9,6,7.0,4,2,3.0,1,1,1,2,19,10.0,5,1,20.0,30,23.0,0,0.2357723324601631,-0.12883035698403475
41,28,9,87,6,12,12,12,7,5,6.0,7,3,4.0,1,1,1,1,21,11.0,4,1,17.0,33,32.0,0,0.5831013725608732,0.10338238523410187
37,34,12,96,6,7,10,8,9,2,3.0,7,2,2.0,1,1,1,1,14,8.0,4,1,27.0,34,31.0,0,-0.632550267791612,-0.593255841420308
44,26,11,90,10,11,13,13,9,7,7.0,7,4,7.0,6,1,3,2,25,23.0,12,1,169.0,52,45.0,0,1.2777594527622933,2.8899352918517414
27,36,9,83,5,7,12,7,8,5,5.0,5,2,4.0,1,1,1,2,17,11.0,5,1,4.0,37,21.0,0,-0.11155670764054698,0.10338238523410187
51,36,13,116,9,8,8,9,11,6,5.0,7,1,1.0,1,1,1,1,19,6.0,4,1,3.0,22,26.0,0,0.2357723324601631,-1.0576813258565811
49,28,12,97,10,9,13,13,10,7,7.0,8,4,6.0,1,1,3,3,26,18.0,8,1,38.0,35,36.0,0,1.4514239728126483,1.7288715807610582
38,38,10,100,9,10,7,9,7,5,7.0,7,4,3.0,1,1,2,2,23,13.0,6,1,24.0,25,28.0,0,0.9304304126615832,0.5678078696703751
27,26,11,73,6,8,9,7,8,5,3.0,3,2,2.0,1,1,1,2,13,9.0,5,1,28.0,26,22.0,0,-0.8062147878419671,-0.36104309920217137
28,34,9,81,6,7,11,8,7,5,5.0,6,2,4.0,1,1,1,2,18,11.0,5,1,4.0,37,19.0,0,0.06210781240980806,0.10338238523410187
29,31,7,78,10,11,11,4,10,5,,5,1,1.0,1,1,1,1,11,6.0,4,1,2.0,27,27.0,0,-1.1535438279426773,-1.0576813258565811
33,27,8,76,6,9,12,8,10,7,7.0,5,2,4.0,1,1,1,1,21,10.0,4,1,15.0,34,34.0,0,0.5831013725608732,-0.12883035698403475
20,29,9,68,3,8,6,3,7,4,5.0,6,1,1.0,1,1,1,1,16,6.0,4,1,1.0,24,42.0,0,-0.285221227690902,-1.0576813258565811
29,33,13,86,6,9,7,6,7,1,1.0,1,1,8.0,1,1,1,1,4,13.0,4,1,,23,33.0,0,-2.3691954682951626,0.5678078696703751
21,42,10,82,6,10,6,3,5,9,5.0,9,3,8.0,1,1,7,1,26,21.0,10,1,1.0,33,26.0,0,1.4514239728126483,2.425509807415468
34,27,7,74,4,12,13,9,9,7,5.0,7,1,1.0,1,1,1,1,20,6.0,4,1,8.0,50,34.0,0,0.40943685251051815,-1.0576813258565811
36,34,9,93,8,9,9,7,10,1,4.0,1,1,3.0,1,1,1,1,7,8.0,4,1,22.0,31,29.0,0,-1.8482019081440975,-0.593255841420308
29,26,6,68,4,10,9,6,10,3,1.0,2,1,1.0,1,1,1,1,7,6.0,4,1,32.0,27,32.0,0,-1.8482019081440975,-1.0576813258565811
36,32,12,91,7,10,8,9,7,5,6.0,6,2,2.0,1,1,1,1,19,8.0,4,1,,37,33.0,0,0.2357723324601631,-0.593255841420308
42,38,9,100,13,12,12,11,12,9,5.0,8,2,8.0,3,1,3,4,24,21.0,11,1,45.0,56,24.0,0,1.1040949327119383,2.425509807415468
47,34,11,102,10,10,9,11,11,5,5.0,7,2,1.0,1,1,1,1,19,7.0,4,1,5.0,26,26.0,0,0.2357723324601631,-0.8254685836384446
47,29,14,99,3,9,12,9,8,3,1.0,6,3,1.0,1,1,1,1,13,8.0,4,1,167.0,43,22.0,0,-0.8062147878419671,-0.593255841420308
35,42,8,99,8,10,7,10,8,4,,4,2,1.0,1,1,1,1,10,7.0,4,1,15.0,25,29.0,0,-1.3272083479930323,-0.8254685836384446
29,28,7,74,6,9,12,5,8,8,9.0,7,2,3.0,1,1,1,2,26,10.0,5,1,5.0,37,33.0,0,1.4514239728126483,-0.12883035698403475
23,29,11,73,5,12,9,4,10,4,1.0,1,2,1.0,1,1,6,3,8,14.0,11,1,150.0,37,40.0,0,-1.6745373880937424,0.8000206118885117
57,26,9,109,12,8,12,13,12,7,8.0,7,2,4.0,1,1,1,3,24,12.0,6,1,184.0,50,51.0,0,1.1040949327119383,0.33559512745223846
32,41,14,106,7,8,4,5,11,6,8.0,7,2,3.0,1,1,1,1,23,9.0,4,1,98.0,38,20.0,0,0.9304304126615832,-0.36104309920217137
30,30,12,86,6,13,9,6,11,1,4.0,5,1,1.0,1,1,1,1,11,6.0,4,1,1.0,26,31.0,0,-1.1535438279426773,-1.0576813258565811
28,27,9,73,7,10,13,8,8,8,8.0,9,2,2.0,1,1,1,1,27,8.0,4,1,84.0,46,37.0,0,1.6250884928630034,-0.593255841420308
26,25,12,71,6,11,12,8,8,7,9.0,6,2,3.0,1,1,1,1,24,9.0,4,1,25.0,25,37.0,0,1.1040949327119383,-0.36104309920217137
28,39,12,87,3,8,8,10,7,2,1.0,2,1,1.0,1,1,2,2,6,8.0,6,1,120.0,32,16.0,0,-2.0218664281944525,-0.593255841420308
31,37,7,84,7,8,10,7,10,9,9.0,9,2,1.0,3,1,1,1,29,9.0,6,1,1.0,23,21.0,0,1.9724175329637135,-0.36104309920217137
29,24,5,70,6,12,8,10,9,1,4.0,2,1,1.0,1,1,1,1,8,6.0,4,1,52.0,39,44.0,0,-1.6745373880937424,-1.0576813258565811
26,25,6,67,8,6,5,8,8,4,2.0,2,1,2.0,1,1,1,1,9,7.0,3,1,76.0,28,36.0,0,-1.5008728680433874,-0.8254685836384446
50,35,11,112,12,10,8,11,11,4,6.0,3,2,3.0,4,1,1,1,15,12.0,7,1,1.0,25,29.0,0,-0.45888574774125707,0.33559512745223846
39,38,8,97,7,9,8,5,9,3,5.0,7,1,1.0,1,1,1,2,16,7.0,5,1,7.0,24,28.0,0,-0.285221227690902,-0.8254685836384446
39,39,10,100,8,6,8,8,12,1,1.0,2,2,1.0,1,1,1,1,6,7.0,4,1,32.0,35,22.0,0,-2.0218664281944525,-0.8254685836384446
42,30,9,93,10,6,11,7,11,7,6.0,5,1,2.0,1,1,1,1,19,7.0,4,1,11.0,23,28.0,0,0.2357723324601631,-0.8254685836384446
42,30,10,91,8,10,9,9,12,1,1.0,1,1,1.0,1,4,1,1,4,9.0,7,1,80.0,29,33.0,0,-2.3691954682951626,-0.36104309920217137
43,33,14,102,7,13,12,8,11,8,4.0,4,1,1.0,3,1,2,1,17,9.0,7,1,7.0,26,26.0,0,-0.11155670764054698,-0.36104309920217137
36,36,15,100,11,8,12,11,11,5,5.0,7,2,2.0,1,1,1,2,19,9.0,4,1,181.0,52,23.0,0,0.2357723324601631,-0.36104309920217137
24,29,10,74,5,10,10,8,9,4,5.0,6,2,1.0,1,3,1,1,17,9.0,6,1,144.0,38,32.0,0,-0.11155670764054698,-0.36104309920217137
30,35,9,85,8,11,6,5,9,6,5.0,6,2,2.0,1,1,1,2,19,9.0,5,1,30.0,47,32.0,0,0.2357723324601631,-0.36104309920217137
37,20,9,74,5,12,11,12,11,8,5.0,8,3,1.0,2,1,1,1,24,9.0,5,1,87.0,48,41.0,0,1.1040949327119383,-0.36104309920217137
31,32,15,90,7,11,6,7,9,8,7.0,7,2,8.0,1,1,1,2,24,15.0,5,1,138.0,33,34.0,0,1.1040949327119383,1.0322333541066484
48,29,9,99,11,10,11,11,11,8,9.0,8,5,7.0,5,1,1,4,30,23.0,11,1,146.0,40,44.0,0,2.1460820530140685,2.8899352918517414
42,29,9,89,12,11,11,10,11,8,8.0,7,2,4.0,1,1,1,2,25,11.0,4,1,58.0,46,34.0,0,1.2777594527622933,0.10338238523410187
45,24,7,85,10,11,12,9,12,9,8.0,8,3,4.0,1,1,1,2,28,12.0,5,1,14.0,28,51.0,0,1.7987530129133584,0.33559512745223846
49,28,15,102,7,8,8,13,10,8,6.0,4,2,2.0,1,1,1,3,20,10.0,6,1,121.0,33,31.0,0,0.40943685251051815,-0.12883035698403475
40,22,8,83,10,12,13,12,7,5,4.0,7,2,3.0,1,1,1,2,18,10.0,5,1,66.0,50,33.0,0,0.06210781240980806,-0.12883035698403475
36,30,9,84,7,10,10,8,9,5,5.0,3,2,5.0,1,1,4,3,15,16.0,9,1,75.0,30,37.0,0,-0.45888574774125707,1.264446096324785
48,24,7,85,9,11,13,12,11,9,3.0,8,2,1.0,3,1,2,3,22,12.0,9,1,109.0,32,46.0,0,0.7567658926112282,0.33559512745223846
29,30,11,83,5,8,10,7,10,7,8.0,2,2,4.0,1,1,1,3,19,12.0,5,1,101.0,42,35.0,0,0.2357723324601631,0.33559512745223846
39,29,7,89,12,7,7,6,12,9,5.0,7,1,1.0,1,1,1,1,22,6.0,4,1,6.0,25,36.0,0,0.7567658926112282,-1.0576813258565811
39,35,11,98,13,12,11,13,13,5,1.0,7,1,1.0,1,1,1,1,14,6.0,4,1,75.0,31,42.0,0,-0.632550267791612,-1.0576813258565811
36,35,8,89,8,8,8,5,8,2,5.0,5,1,8.0,1,1,1,2,13,14.0,5,1,7.0,24,23.0,0,-0.8062147878419671,0.8000206118885117
47,30,11,100,11,9,11,7,12,5,1.0,6,1,1.0,4,1,1,1,13,9.0,7,1,44.0,26,38.0,0,-0.8062147878419671,-0.36104309920217137
28,30,14,85,9,6,10,7,8,3,6.0,6,2,2.0,1,1,1,2,17,9.0,5,1,60.0,43,32.0,0,-0.11155670764054698,-0.36104309920217137
33,34,15,95,7,5,12,7,7,4,4.0,5,2,2.0,1,1,1,1,15,8.0,4,1,37.0,26,33.0,0,-0.45888574774125707,-0.593255841420308
46,24,13,95,9,10,11,12,12,3,3.0,1,2,4.0,1,1,1,3,9,12.0,6,1,128.0,51,45.0,0,-1.5008728680433874,0.33559512745223846
27,34,10,79,5,10,10,8,10,3,5.0,4,1,2.0,1,1,1,1,13,7.0,4,1,47.0,33,32.0,0,-0.8062147878419671,-0.8254685836384446
42,32,12,98,10,8,11,9,12,6,1.0,6,1,1.0,3,1,1,1,14,8.0,6,1,14.0,20,29.0,0,-0.632550267791612,-0.593255841420308
28,29,8,78,8,11,9,5,8,6,4.0,6,2,1.0,1,1,1,1,18,7.0,4,1,16.0,24,38.0,0,0.06210781240980806,-0.8254685836384446
25,34,11,78,9,8,8,6,10,6,3.0,7,2,1.0,1,1,1,1,18,7.0,4,1,157.0,35,16.0,0,0.06210781240980806,-0.8254685836384446
33,23,8,76,9,11,9,6,9,4,4.0,3,2,4.0,1,1,1,2,13,11.0,5,1,12.0,33,41.0,0,-0.8062147878419671,0.10338238523410187
37,29,7,83,10,8,12,7,8,9,8.0,8,2,2.0,1,1,1,2,27,9.0,5,1,84.0,30,27.0,0,1.6250884928630034,-0.36104309920217137
36,28,7,83,8,12,10,4,11,6,3.0,5,1,1.0,1,1,1,1,15,6.0,4,1,12.0,23,29.0,0,-0.45888574774125707,-1.0576813258565811
33,36,6,88,11,10,7,5,11,2,2.0,1,1,2.0,2,1,1,1,6,8.0,5,1,14.0,22,35.0,0,-2.0218664281944525,-0.593255841420308
30,47,13,110,3,7,6,4,11,1,2.0,1,1,2.0,1,1,2,2,5,9.0,6,1,9.0,26,26.0,0,-2.1955309482448073,-0.36104309920217137
28,38,11,87,4,8,8,5,9,6,6.0,6,2,1.0,1,1,1,1,20,7.0,4,1,13.0,24,26.0,0,0.40943685251051815,-0.8254685836384446
33,25,8,74,8,13,13,13,3,1,1.0,5,2,1.0,6,1,3,2,9,15.0,12,1,281.0,43,26.0,0,-1.5008728680433874,1.0322333541066484
56,26,10,108,10,13,8,12,12,8,7.0,5,2,3.0,1,1,1,3,22,11.0,6,1,,43,46.0,0,0.7567658926112282,0.10338238523410187
25,31,10,72,8,9,13,7,11,7,6.0,9,2,4.0,1,1,1,1,24,10.0,3,1,195.0,34,30.0,0,1.1040949327119383,-0.12883035698403475
26,26,10,72,5,10,11,7,9,6,5.0,6,2,1.0,1,1,1,1,19,7.0,4,1,,22,35.0,0,0.2357723324601631,-0.8254685836384446
25,36,8,74,6,10,9,4,12,7,6.0,7,2,4.0,1,1,1,2,22,11.0,5,1,41.0,45,26.0,0,0.7567658926112282,0.10338238523410187
46,27,8,96,7,11,6,13,9,7,5.0,4,1,1.0,4,1,3,1,17,11.0,9,1,60.0,29,37.0,0,-0.11155670764054698,0.10338238523410187
32,31,9,81,7,8,12,7,9,4,7.0,7,2,4.0,1,1,1,1,20,10.0,4,1,65.0,25,33.0,0,0.40943685251051815,-0.12883035698403475
47,32,8,99,10,11,12,12,13,9,5.0,1,1,7.0,3,1,2,2,16,16.0,8,1,49.0,34,33.0,0,-0.285221227690902,1.264446096324785
35,34,15,92,9,13,12,12,10,1,1.0,2,1,1.0,1,1,1,1,5,6.0,4,1,149.0,40,37.0,0,-2.1955309482448073,-1.0576813258565811
25,30,5,75,3,12,12,9,8,8,7.0,7,2,2.0,1,1,1,1,24,8.0,4,1,75.0,47,30.0,0,1.1040949327119383,-0.593255841420308
33,42,12,104,5,7,7,5,10,6,3.0,7,1,2.0,1,1,1,1,17,7.0,4,1,,27,21.0,0,-0.11155670764054698,-0.8254685836384446
48,33,10,101,9,12,8,11,9,8,8.0,7,2,3.0,1,1,1,3,25,11.0,6,1,25.0,27,38.0,0,1.2777594527622933,0.10338238523410187
26,32,8,72,5,11,8,7,4,7,5.0,6,1,1.0,1,1,1,1,19,6.0,4,1,22.0,30,41.0,0,0.2357723324601631,-1.0576813258565811
36,27,9,85,10,12,10,9,7,3,5.0,3,1,1.0,2,1,2,2,12,9.0,7,1,45.0,52,49.0,0,-0.9798793078923221,-0.36104309920217137
32,28,7,82,5,9,12,9,13,5,5.0,7,3,1.0,1,1,1,2,20,9.0,5,1,18.0,25,37.0,0,0.40943685251051815,-0.36104309920217137
32,30,10,86,7,9,8,6,9,6,1.0,5,1,1.0,1,1,1,1,13,6.0,4,1,3.0,27,28.0,0,-0.8062147878419671,-1.0576813258565811
41,29,12,89,8,11,11,9,8,9,9.0,9,3,2.0,1,1,6,4,30,17.0,12,1,48.0,27,36.0,0,2.1460820530140685,1.4966588385429216
48,27,10,97,10,11,13,13,11,8,7.0,1,2,4.0,1,5,5,7,18,24.0,18,1,27.0,42,36.0,0,0.06210781240980806,3.1221480340698777
37,40,15,101,7,6,9,6,7,3,3.0,6,1,1.0,1,1,1,1,13,6.0,4,1,96.0,24,35.0,0,-0.8062147878419671,-1.0576813258565811
28,29,10,76,10,12,12,4,9,8,8.0,8,3,6.0,1,1,3,1,27,15.0,6,1,21.0,43,24.0,0,1.6250884928630034,1.0322333541066484
28,36,13,91,9,10,8,5,10,4,2.0,4,1,1.0,1,1,1,3,11,8.0,6,1,34.0,49,31.0,0,-1.1535438279426773,-0.593255841420308
42,31,11,90,8,12,9,12,9,6,5.0,6,2,1.0,1,1,1,1,19,7.0,4,1,3.0,25,24.0,0,0.2357723324601631,-0.8254685836384446
36,28,16,89,3,8,13,10,8,9,9.0,8,1,2.0,1,1,1,3,27,9.0,6,1,31.0,40,43.0,0,1.6250884928630034,-0.36104309920217137
22,36,11,79,5,10,7,6,7,5,5.0,4,2,8.0,2,1,1,1,16,15.0,5,1,25.0,28,28.0,0,-0.285221227690902,1.0322333541066484
41,22,12,88,7,10,13,10,9,1,1.0,6,1,1.0,2,1,2,1,9,8.0,6,1,6.0,23,40.0,0,-1.5008728680433874,-0.593255841420308
31,26,13,81,5,8,8,7,9,6,5.0,5,1,1.0,1,1,1,1,17,6.0,4,1,9.0,26,29.0,0,-0.11155670764054698,-1.0576813258565811
44,42,6,104,12,11,9,12,11,1,1.0,3,1,1.0,1,1,1,2,6,7.0,5,1,62.0,38,31.0,0,-2.0218664281944525,-0.8254685836384446
37,40,14,104,7,7,9,7,10,3,3.0,3,1,1.0,1,1,1,1,10,6.0,4,1,60.0,27,25.0,0,-1.3272083479930323,-1.0576813258565811
45,34,7,95,10,9,11,9,11,9,7.0,7,2,2.0,1,1,7,2,25,15.0,11,1,6.0,21,38.0,0,1.2777594527622933,1.0322333541066484
45,32,8,96,10,12,10,10,11,2,1.0,3,1,1.0,3,1,2,1,7,9.0,7,1,25.0,27,23.0,0,-1.8482019081440975,-0.36104309920217137
26,35,12,87,8,10,10,5,7,3,2.0,5,1,1.0,1,1,1,3,11,8.0,6,1,34.0,49,30.0,0,-1.1535438279426773,-0.593255841420308
52,25,9,105,7,10,11,12,12,5,3.0,6,1,2.0,1,4,2,2,15,12.0,9,1,35.0,30,40.0,0,-0.45888574774125707,0.33559512745223846
34,28,9,88,9,11,11,7,13,7,7.0,4,1,7.0,1,1,2,2,19,14.0,6,1,53.0,43,37.0,0,0.2357723324601631,0.8000206118885117
34,32,10,89,5,9,11,10,8,5,5.0,2,1,8.0,2,1,2,1,13,15.0,6,1,,34,30.0,0,-0.8062147878419671,1.0322333541066484
43,28,12,96,8,11,12,11,13,7,7.0,6,2,3.0,1,1,2,2,22,11.0,6,1,58.0,48,46.0,0,0.7567658926112282,0.10338238523410187
36,36,11,87,7,4,13,7,13,1,5.0,1,2,2.0,2,1,7,1,9,15.0,11,1,11.0,31,15.0,0,-1.5008728680433874,1.0322333541066484
22,31,13,77,3,7,10,5,9,1,1.0,7,2,1.0,1,1,1,1,11,7.0,4,1,8.0,27,39.0,0,-1.1535438279426773,-0.8254685836384446
56,36,15,120,13,5,13,11,11,5,5.0,5,2,2.0,1,1,1,2,17,9.0,5,1,19.0,23,8.0,0,-0.11155670764054698,-0.36104309920217137
33,31,13,89,6,7,12,10,5,6,6.0,9,2,1.0,1,1,1,2,23,8.0,5,1,30.0,27,31.0,0,0.9304304126615832,-0.593255841420308
40,19,11,86,6,8,13,11,7,7,7.0,3,2,4.0,1,1,5,2,19,15.0,9,1,,27,41.0,0,0.2357723324601631,1.0322333541066484
38,31,10,87,8,6,11,7,11,7,7.0,7,2,3.0,1,1,3,2,23,12.0,7,1,24.0,23,33.0,0,0.9304304126615832,0.33559512745223846
30,26,10,70,8,10,11,9,6,5,3.0,5,2,2.0,1,1,1,2,15,9.0,5,1,22.0,46,44.0,0,-0.45888574774125707,-0.36104309920217137
31,31,11,84,5,9,10,8,10,2,2.0,3,2,1.0,1,1,1,1,9,7.0,4,1,54.0,31,34.0,0,-1.5008728680433874,-0.8254685836384446
39,30,11,92,10,11,13,12,11,8,5.0,8,1,8.0,1,1,1,1,22,13.0,4,1,1.0,44,38.0,0,0.7567658926112282,0.5678078696703751
31,33,13,90,8,8,10,5,10,6,6.0,6,2,1.0,1,1,1,1,20,7.0,4,1,48.0,50,29.0,0,0.40943685251051815,-0.8254685836384446
33,35,11,91,5,9,6,4,11,5,7.0,6,1,4.0,1,1,1,1,19,9.0,4,1,11.0,34,32.0,0,0.2357723324601631,-0.36104309920217137
27,21,8,63,3,9,12,10,8,3,1.0,6,1,1.0,1,1,1,1,11,6.0,4,1,60.0,31,32.0,0,-1.1535438279426773,-1.0576813258565811
43,34,10,102,12,11,9,8,12,6,6.0,6,2,2.0,1,1,1,1,20,8.0,4,1,42.0,24,24.0,0,0.40943685251051815,-0.593255841420308
39,27,12,91,9,9,13,11,9,6,5.0,6,2,2.0,1,1,1,2,19,9.0,5,1,162.0,40,42.0,0,0.2357723324601631,-0.36104309920217137
30,28,8,73,6,10,11,7,11,8,5.0,7,2,,1,1,1,1,22,,4,1,0.0,26,39.0,0,0.7567658926112282,
36,32,5,88,9,13,8,6,11,8,8.0,6,2,4.0,1,1,3,1,24,12.0,6,1,25.0,37,33.0,0,1.1040949327119383,0.33559512745223846
36,35,9,93,11,11,10,8,8,8,8.0,7,3,8.0,1,1,3,2,26,18.0,7,1,,56,37.0,0,1.4514239728126483,1.7288715807610582
39,35,13,100,8,8,9,9,8,5,5.0,5,2,2.0,2,1,2,1,17,10.0,6,1,60.0,30,35.0,0,-0.11155670764054698,-0.12883035698403475
41,32,7,98,3,11,10,12,8,4,6.0,1,1,2.0,1,1,1,2,12,8.0,5,1,11.0,30,40.0,0,-0.9798793078923221,-0.593255841420308
43,18,12,83,8,10,11,12,7,8,7.0,6,1,2.0,1,1,1,3,22,9.0,6,1,14.0,22,38.0,0,0.7567658926112282,-0.36104309920217137
44,33,7,98,11,13,12,12,9,5,6.0,5,1,2.0,1,1,1,2,17,8.0,5,1,76.0,47,39.0,0,-0.11155670764054698,-0.593255841420308
33,29,9,78,6,10,9,8,11,7,7.0,7,1,3.0,1,1,1,2,22,9.0,5,1,18.0,28,30.0,0,0.7567658926112282,-0.36104309920217137
42,18,5,73,12,8,12,12,12,8,8.0,8,2,1.0,1,5,7,1,26,17.0,14,1,25.0,34,48.0,0,1.4514239728126483,1.4966588385429216
33,29,10,79,4,9,10,7,7,4,5.0,3,1,2.0,1,1,1,2,13,8.0,5,1,92.0,25,39.0,0,-0.8062147878419671,-0.593255841420308
52,24,8,92,8,12,12,12,8,8,8.0,6,3,2.0,4,1,1,3,25,14.0,9,1,124.0,37,41.0,0,1.2777594527622933,0.8000206118885117
28,25,10,76,6,8,6,10,12,7,8.0,8,1,1.0,1,1,1,1,24,6.0,4,1,,31,24.0,0,1.1040949327119383,-1.0576813258565811
36,41,10,98,9,10,5,6,10,7,5.0,8,1,1.0,1,1,1,1,21,6.0,4,1,8.0,24,23.0,0,0.5831013725608732,-1.0576813258565811
34,23,12,80,6,9,9,8,10,8,9.0,8,2,4.0,1,1,1,1,27,10.0,4,1,2.0,24,29.0,0,1.6250884928630034,-0.12883035698403475
40,33,13,98,8,7,11,10,9,7,5.0,7,2,1.0,1,1,1,1,21,7.0,4,1,3.0,26,31.0,0,0.5831013725608732,-0.8254685836384446
31,28,11,78,7,5,11,7,8,7,,7,3,3.0,3,1,4,2,17,16.0,10,1,6.0,36,38.0,0,-0.11155670764054698,1.264446096324785
26,30,12,82,4,8,8,6,10,4,5.0,3,1,8.0,1,1,1,1,13,13.0,4,1,12.0,24,30.0,0,-0.8062147878419671,0.5678078696703751
51,30,12,104,9,11,12,12,10,8,7.0,7,7,3.0,3,3,3,2,29,21.0,11,1,29.0,26,39.0,0,1.9724175329637135,2.425509807415468
36,32,14,95,6,7,10,9,10,6,6.0,6,1,2.0,1,1,2,2,19,9.0,6,1,105.0,33,37.0,0,0.2357723324601631,-0.36104309920217137
31,34,6,87,5,13,8,3,13,8,5.0,8,2,1.0,1,1,1,1,23,7.0,4,1,4.0,30,30.0,0,0.9304304126615832,-0.8254685836384446
35,31,11,87,7,10,11,8,11,8,9.0,5,2,2.0,1,1,1,5,24,12.0,8,1,85.0,31,15.0,0,1.1040949327119383,0.33559512745223846
27,33,5,71,6,11,12,7,9,1,1.0,2,1,1.0,1,1,1,1,5,6.0,2,1,33.0,26,40.0,0,-2.1955309482448073,-1.0576813258565811
41,35,10,96,8,13,12,10,9,4,3.0,3,1,2.0,1,1,1,3,11,9.0,6,1,,54,46.0,0,-1.1535438279426773,-0.36104309920217137
41,36,14,104,9,10,12,11,9,3,1.0,7,1,1.0,1,1,1,1,12,6.0,4,1,67.0,29,24.0,0,-0.9798793078923221,-1.0576813258565811
29,43,12,93,7,9,11,8,10,6,4.0,6,1,1.0,1,1,1,1,17,6.0,4,1,5.0,30,24.0,0,-0.11155670764054698,-1.0576813258565811
41,36,14,102,7,10,10,9,7,4,4.0,6,3,4.0,1,5,1,2,17,16.0,9,1,267.0,51,25.0,0,-0.11155670764054698,1.264446096324785
42,19,9,84,10,13,13,11,12,2,1.0,3,1,1.0,1,1,1,1,7,6.0,4,1,109.0,55,38.0,0,-1.8482019081440975,-1.0576813258565811
32,45,20,112,8,6,13,12,13,2,2.0,3,2,3.0,1,1,1,1,9,9.0,4,1,74.0,31,8.0,0,-1.5008728680433874,-0.36104309920217137
33,26,8,80,5,10,11,6,9,8,,6,2,4.0,1,1,1,1,16,10.0,4,1,18.0,27,33.0,0,-0.285221227690902,-0.12883035698403475
41,37,15,108,9,5,11,11,8,7,7.0,8,3,5.0,1,1,1,1,25,12.0,3,1,6.0,28,22.0,0,1.2777594527622933,0.33559512745223846
32,30,8,80,9,10,9,6,8,4,4.0,6,1,1.0,1,1,1,2,15,7.0,5,1,70.0,31,45.0,0,-0.45888574774125707,-0.8254685836384446
28,34,8,77,6,9,11,4,8,2,1.0,5,1,1.0,1,1,1,1,9,6.0,4,1,7.0,29,34.0,0,-1.5008728680433874,-1.0576813258565811
33,22,13,77,3,13,11,8,8,5,9.0,2,1,1.0,1,1,1,1,17,6.0,4,1,50.0,27,41.0,0,-0.11155670764054698,-1.0576813258565811
29,32,10,77,6,8,10,7,9,5,6.0,5,4,3.0,1,2,1,2,20,13.0,6,1,43.0,32,37.0,0,0.40943685251051815,0.5678078696703751
35,37,11,90,12,8,8,8,10,7,7.0,7,3,5.0,1,1,6,2,24,18.0,10,1,158.0,35,18.0,0,1.1040949327119383,1.7288715807610582
35,30,9,84,7,10,7,9,12,2,2.0,3,1,1.0,1,1,1,1,8,6.0,4,1,26.0,32,35.0,0,-1.6745373880937424,-1.0576813258565811
29,32,7,79,6,13,8,6,10,8,5.0,8,1,1.0,6,1,1,1,22,11.0,9,1,1.0,22,35.0,0,0.7567658926112282,0.10338238523410187
31,34,8,86,8,11,7,7,11,5,7.0,3,1,3.0,1,1,1,1,16,8.0,4,1,23.0,50,40.0,0,-0.285221227690902,-0.593255841420308
42,29,7,87,12,11,11,8,10,9,9.0,9,2,4.0,1,1,1,1,29,10.0,4,1,66.0,48,42.0,0,1.9724175329637135,-0.12883035698403475
35,39,15,101,10,7,11,8,10,5,5.0,2,1,8.0,1,7,1,2,13,20.0,11,1,16.0,55,28.0,0,-0.8062147878419671,2.1932970651973314
40,25,7,78,12,10,12,10,11,7,7.0,8,2,2.0,1,1,1,1,24,8.0,4,1,125.0,43,44.0,0,1.1040949327119383,-0.593255841420308
28,22,12,74,9,12,8,8,9,6,5.0,6,1,8.0,2,1,4,1,18,17.0,8,1,6.0,53,38.0,0,0.06210781240980806,1.4966588385429216
31,19,7,67,5,13,11,10,9,7,5.0,6,2,1.0,1,1,1,1,20,7.0,4,1,25.0,26,44.0,0,0.40943685251051815,-0.8254685836384446
32,35,11,89,8,11,8,6,9,6,7.0,4,3,7.0,1,5,5,3,20,24.0,14,1,165.0,47,25.0,0,0.40943685251051815,3.1221480340698777
34,29,9,80,10,9,8,7,12,3,2.0,2,1,2.0,1,1,1,2,8,8.0,5,1,10.0,27,36.0,0,-1.6745373880937424,-0.593255841420308
18,36,12,75,4,10,7,5,8,1,1.0,3,1,1.0,1,1,1,1,6,6.0,4,1,91.0,60,25.0,0,-2.0218664281944525,-1.0576813258565811
52,27,9,106,13,11,11,11,13,6,5.0,5,1,1.0,2,1,2,2,17,9.0,7,1,187.0,47,39.0,0,-0.11155670764054698,-0.36104309920217137
38,33,9,92,11,9,11,7,11,5,6.0,7,2,2.0,1,1,2,1,20,9.0,5,1,34.0,27,33.0,0,0.40943685251051815,-0.36104309920217137
30,36,11,88,5,9,11,3,11,6,6.0,7,1,1.0,1,1,1,1,20,6.0,4,1,12.0,31,31.0,0,0.40943685251051815,-1.0576813258565811
23,27,10,69,6,9,7,8,9,1,1.0,6,2,1.0,2,1,1,2,10,9.0,6,1,8.0,37,40.0,0,-1.3272083479930323,-0.36104309920217137
32,35,9,85,9,8,8,7,8,6,7.0,7,2,2.0,5,1,3,3,22,16.0,12,1,50.0,47,25.0,0,0.7567658926112282,1.264446096324785
46,26,10,93,11,10,11,11,12,5,4.0,2,1,2.0,1,1,2,2,12,9.0,6,1,10.0,23,39.0,0,-0.9798793078923221,-0.36104309920217137
42,28,14,97,10,10,10,11,9,2,7.0,4,1,2.0,3,5,1,2,14,14.0,11,1,48.0,28,35.0,0,-0.632550267791612,0.8000206118885117
39,31,15,106,11,6,7,9,8,6,6.0,5,2,3.0,1,1,2,4,19,13.0,8,1,,20,19.0,0,0.2357723324601631,0.5678078696703751
32,25,11,77,3,10,13,9,8,8,8.0,7,2,3.0,1,1,1,3,25,11.0,6,1,114.0,45,30.0,0,1.2777594527622933,0.10338238523410187
25,30,12,75,6,8,11,8,8,7,6.0,5,2,3.0,1,1,1,1,20,9.0,4,1,205.0,45,37.0,0,0.40943685251051815,-0.36104309920217137
38,32,12,91,12,6,10,6,11,8,7.0,7,1,1.0,1,1,1,1,23,6.0,4,1,28.0,28,34.0,0,0.9304304126615832,-1.0576813258565811
45,35,11,104,8,11,11,10,11,6,3.0,2,1,3.0,1,1,1,3,12,10.0,6,1,64.0,26,27.0,0,-0.9798793078923221,-0.12883035698403475
35,37,8,94,11,9,5,4,11,6,5.0,4,1,1.0,1,1,1,1,16,6.0,4,1,,23,24.0,0,-0.285221227690902,-1.0576813258565811
46,22,15,97,8,8,11,9,11,6,5.0,7,2,1.0,1,1,1,1,20,7.0,4,1,9.0,24,23.0,0,0.40943685251051815,-0.8254685836384446
30,24,8,76,7,9,9,6,10,5,6.0,8,2,3.0,1,1,1,1,21,9.0,4,1,36.0,26,26.0,0,0.5831013725608732,-0.36104309920217137
31,29,7,75,6,12,10,7,9,7,8.0,7,2,3.0,1,1,6,2,24,15.0,10,1,31.0,25,38.0,0,1.1040949327119383,1.0322333541066484
43,39,13,110,10,9,5,10,12,7,5.0,3,1,8.0,1,1,1,2,16,14.0,5,1,,25,27.0,0,-0.285221227690902,0.8000206118885117
35,34,8,92,7,13,12,8,8,8,7.0,8,2,4.0,1,1,1,1,25,10.0,4,1,26.0,44,33.0,0,1.2777594527622933,-0.12883035698403475
28,33,9,78,6,6,12,5,10,2,5.0,6,1,1.0,1,1,1,1,14,6.0,4,1,12.0,45,27.0,0,-0.632550267791612,-1.0576813258565811
29,19,8,65,9,12,13,5,10,9,9.0,8,2,2.0,1,1,1,1,28,8.0,4,1,6.0,25,44.0,0,1.7987530129133584,-0.593255841420308
26,36,11,81,7,8,8,7,10,4,4.0,2,2,2.0,1,1,1,1,12,8.0,4,1,38.0,44,20.0,0,-0.9798793078923221,-0.593255841420308
30,36,11,86,10,8,10,7,8,7,6.0,7,2,6.0,1,1,1,3,22,14.0,6,1,60.0,34,40.0,0,0.7567658926112282,0.8000206118885117
36,28,12,90,9,7,8,11,9,4,1.0,4,1,1.0,1,4,1,1,10,9.0,7,2,42.0,28,32.0,1,-1.3272083479930323,-0.36104309920217137
39,32,11,93,4,9,8,10,10,6,6.0,7,2,5.0,1,1,5,2,21,16.0,9,2,185.0,39,23.0,1,0.5831013725608732,1.264446096324785
37,38,16,104,4,4,8,10,9,6,5.0,7,1,1.0,1,4,1,1,19,9.0,7,2,15.0,21,28.0,1,0.2357723324601631,-0.36104309920217137
52,29,7,98,10,12,12,10,10,3,5.0,3,1,4.0,1,5,2,2,12,15.0,10,2,30.0,28,38.0,1,-0.9798793078923221,1.0322333541066484
41,35,10,99,10,9,9,11,11,6,6.0,7,4,1.0,2,4,2,2,23,15.0,10,2,180.0,34,27.0,1,0.9304304126615832,1.0322333541066484
29,25,9,71,4,9,8,11,4,8,,8,2,1.0,1,1,1,1,18,7.0,4,2,223.0,47,42.0,1,0.06210781240980806,-0.8254685836384446
42,39,6,102,8,9,6,10,9,3,1.0,2,2,1.0,4,1,1,2,8,11.0,8,2,22.0,21,24.0,1,-1.6745373880937424,0.10338238523410187
46,21,10,87,7,12,13,11,8,7,,8,2,1.0,1,1,1,1,17,7.0,4,2,26.0,32,41.0,1,-0.11155670764054698,-0.8254685836384446
40,32,15,93,7,7,11,10,10,6,3.0,6,2,1.0,1,1,1,1,17,7.0,4,2,13.0,26,17.0,1,-0.11155670764054698,-0.8254685836384446
30,34,10,86,10,9,9,7,6,5,2.0,5,2,1.0,2,4,2,2,14,13.0,10,2,46.0,26,27.0,1,-0.632550267791612,0.5678078696703751
35,29,11,91,9,10,10,9,11,3,1.0,4,2,1.0,1,1,1,1,10,7.0,4,2,52.0,40,29.0,1,-1.3272083479930323,-0.8254685836384446
44,33,10,96,10,8,9,8,8,5,3.0,7,2,1.0,1,1,1,1,17,7.0,4,2,50.0,37,46.0,1,-0.11155670764054698,-0.8254685836384446
31,35,11,91,5,8,3,9,11,7,7.0,8,2,4.0,2,1,2,1,24,12.0,6,2,86.0,44,31.0,1,1.1040949327119383,0.33559512745223846
55,33,12,113,9,12,13,12,11,8,8.0,7,2,5.0,1,1,3,3,25,15.0,8,2,30.0,29,34.0,1,1.2777594527622933,1.0322333541066484
31,32,16,83,6,6,10,5,7,7,7.0,7,2,2.0,1,1,2,2,23,10.0,6,2,157.0,41,32.0,1,0.9304304126615832,-0.12883035698403475
32,30,10,87,5,9,8,10,12,4,4.0,6,2,1.0,1,1,1,2,16,8.0,5,2,79.0,60,31.0,1,-0.285221227690902,-0.593255841420308
28,28,9,72,8,10,13,4,10,6,3.0,3,2,1.0,1,1,1,1,14,7.0,4,2,19.0,29,37.0,1,-0.632550267791612,-0.8254685836384446
39,25,12,88,5,9,8,10,11,1,1.0,2,1,1.0,1,1,1,1,5,6.0,4,2,6.0,23,33.0,1,-2.1955309482448073,-1.0576813258565811
43,37,17,110,13,7,5,12,10,3,4.0,3,2,3.0,1,5,3,1,12,15.0,10,2,43.0,25,15.0,1,-0.9798793078923221,1.0322333541066484
44,25,10,91,10,10,9,13,11,6,3.0,3,1,1.0,1,1,1,1,13,6.0,4,2,17.0,26,37.0,1,-0.8062147878419671,-1.0576813258565811
43,32,13,94,9,6,13,13,8,6,2.0,3,1,2.0,1,1,1,1,12,7.0,4,2,24.0,24,31.0,1,-0.9798793078923221,-0.8254685836384446
42,30,12,97,10,9,10,11,9,6,4.0,7,3,2.0,1,1,1,3,20,11.0,6,2,89.0,37,39.0,1,0.40943685251051815,0.10338238523410187
38,32,11,95,7,9,8,12,11,6,3.0,1,3,3.0,1,1,7,3,13,18.0,12,2,,35,29.0,1,-0.8062147878419671,1.7288715807610582
38,39,13,102,8,9,9,8,7,7,6.0,5,1,1.0,1,1,1,1,19,6.0,4,2,9.0,18,30.0,1,0.2357723324601631,-1.0576813258565811
40,29,8,89,8,9,11,10,11,7,1.0,7,3,1.0,1,1,5,1,18,12.0,8,2,4.0,34,27.0,1,0.06210781240980806,0.33559512745223846
54,34,16,120,11,8,11,12,12,7,7.0,6,3,5.0,1,9,7,6,23,31.0,23,2,42.0,32,27.0,1,0.9304304126615832,4.747637229596834
42,23,9,90,11,11,9,11,9,7,8.0,8,2,2.0,1,1,1,3,25,10.0,6,2,49.0,26,31.0,1,1.2777594527622933,-0.12883035698403475
50,33,14,112,9,7,12,11,13,6,3.0,5,2,2.0,1,1,1,1,16,8.0,4,2,24.0,29,30.0,1,-0.285221227690902,-0.593255841420308
50,21,8,91,8,9,12,13,9,7,6.0,4,2,3.0,2,1,7,2,19,17.0,12,2,14.0,23,30.0,1,0.2357723324601631,1.4966588385429216
45,30,12,102,11,11,11,11,12,6,5.0,3,2,2.0,1,1,1,1,16,8.0,4,2,30.0,26,21.0,1,-0.285221227690902,-0.593255841420308
48,29,14,105,10,10,7,11,11,8,8.0,7,5,4.0,1,1,2,2,28,15.0,6,2,64.0,31,25.0,1,1.7987530129133584,1.0322333541066484
45,22,12,91,3,10,11,11,8,7,7.0,3,2,1.0,1,1,1,2,19,8.0,5,2,13.0,24,53.0,1,0.2357723324601631,-0.593255841420308
42,28,7,94,7,10,7,11,13,3,1.0,2,2,1.0,1,1,1,2,8,8.0,5,2,13.0,56,33.0,1,-1.6745373880937424,-0.593255841420308
44,34,10,105,3,13,9,12,11,4,4.0,4,2,3.0,1,1,1,1,14,9.0,4,2,14.0,35,28.0,1,-0.632550267791612,-0.36104309920217137
44,28,11,95,11,9,8,10,10,7,8.0,7,2,4.0,1,1,1,4,24,13.0,7,2,30.0,26,33.0,1,1.1040949327119383,0.5678078696703751
33,25,14,84,9,8,10,10,10,8,8.0,9,3,6.0,1,1,1,2,28,14.0,5,2,66.0,50,43.0,1,1.7987530129133584,0.8000206118885117
45,33,10,100,12,9,10,11,12,8,9.0,8,2,7.0,3,1,3,2,27,18.0,9,2,96.0,48,23.0,1,1.6250884928630034,1.7288715807610582
39,37,12,102,6,8,9,7,8,6,7.0,6,2,5.0,1,1,2,2,21,13.0,6,2,18.0,30,29.0,1,0.5831013725608732,0.5678078696703751
37,29,18,93,10,12,9,13,8,3,3.0,4,2,4.0,1,1,4,1,12,13.0,7,2,,49,27.0,1,-0.9798793078923221,0.5678078696703751
42,17,13,85,7,7,13,12,11,5,4.0,6,2,2.0,1,1,1,2,17,9.0,5,2,50.0,29,47.0,1,-0.11155670764054698,-0.36104309920217137
36,36,13,100,9,7,7,9,8,6,7.0,7,3,5.0,2,2,1,4,23,17.0,9,2,96.0,34,30.0,1,0.9304304126615832,1.4966588385429216
32,31,11,87,6,7,11,9,8,2,3.0,3,3,4.0,1,1,7,2,11,18.0,11,2,224.0,49,38.0,1,-1.1535438279426773,1.7288715807610582
44,38,13,104,6,7,11,11,8,4,8.0,5,2,1.0,1,1,1,1,19,7.0,4,2,49.0,29,35.0,1,0.2357723324601631,-0.8254685836384446
48,28,10,98,13,11,11,10,10,7,7.0,7,1,2.0,1,1,1,1,22,7.0,4,2,,33,31.0,1,0.7567658926112282,-0.8254685836384446
32,30,12,83,4,10,12,8,7,6,3.0,6,2,1.0,1,1,3,2,17,10.0,7,2,29.0,26,34.0,1,-0.11155670764054698,-0.12883035698403475
32,34,10,87,7,10,11,8,8,7,4.0,7,1,1.0,1,1,1,1,19,6.0,4,2,121.0,35,37.0,1,0.2357723324601631,-1.0576813258565811
48,30,14,109,11,10,10,13,9,5,6.0,4,2,4.0,3,1,2,3,17,15.0,9,2,124.0,38,45.0,1,-0.11155670764054698,1.0322333541066484
34,30,19,95,6,10,9,7,7,1,1.0,1,2,1.0,1,1,1,1,5,7.0,4,2,117.0,39,56.0,1,-2.1955309482448073,-0.8254685836384446
39,24,7,84,11,12,7,11,12,6,9.0,6,1,3.0,1,1,1,1,22,8.0,4,2,16.0,23,44.0,1,0.7567658926112282,-0.593255841420308
46,23,8,89,9,9,12,10,11,5,5.0,6,2,2.0,1,1,1,3,18,10.0,6,2,78.0,31,45.0,1,0.06210781240980806,-0.12883035698403475
33,43,15,107,6,8,5,6,11,8,3.0,3,1,1.0,1,1,1,1,15,6.0,4,2,17.0,21,13.0,1,-0.45888574774125707,-1.0576813258565811
29,38,12,92,8,6,7,8,9,6,7.0,5,1,7.0,1,1,1,1,19,12.0,4,2,95.0,60,21.0,1,0.2357723324601631,0.33559512745223846
35,31,14,90,8,9,11,9,8,6,3.0,7,2,2.0,1,1,1,1,18,8.0,4,2,98.0,32,26.0,1,0.06210781240980806,-0.593255841420308
33,32,15,89,8,5,7,6,11,6,6.0,4,2,2.0,1,5,1,3,18,14.0,10,2,14.0,24,19.0,1,0.06210781240980806,0.8000206118885117
51,39,18,123,10,5,10,10,10,6,6.0,6,1,2.0,3,4,1,2,19,13.0,10,2,14.0,24,17.0,1,0.2357723324601631,0.5678078696703751
37,37,12,92,8,10,10,9,10,7,1.0,6,2,1.0,1,1,1,1,16,7.0,4,2,40.0,34,34.0,1,-0.285221227690902,-0.8254685836384446
46,41,12,114,8,8,6,12,10,6,9.0,4,1,1.0,1,1,1,1,20,6.0,4,2,4.0,24,29.0,1,0.40943685251051815,-1.0576813258565811
38,28,13,91,9,9,11,8,8,7,1.0,7,2,1.0,1,1,1,1,17,7.0,4,2,2.0,25,24.0,1,-0.11155670764054698,-0.8254685836384446
40,29,12,90,7,9,11,9,8,9,5.0,8,2,8.0,1,1,1,1,24,14.0,4,2,27.0,26,32.0,1,1.1040949327119383,0.8000206118885117
26,34,15,86,5,8,5,9,7,4,9.0,7,1,2.0,1,1,1,1,21,7.0,4,2,17.0,23,25.0,1,0.5831013725608732,-0.8254685836384446
28,32,12,84,5,9,12,8,8,5,6.0,3,3,2.0,1,1,7,2,17,16.0,11,2,51.0,27,35.0,1,-0.11155670764054698,1.264446096324785
34,29,10,83,8,9,10,9,10,4,4.0,7,4,1.0,6,1,1,2,19,15.0,10,2,56.0,34,43.0,1,0.2357723324601631,1.0322333541066484
48,30,11,101,10,7,11,12,10,6,6.0,6,3,3.0,1,1,1,1,21,10.0,4,2,23.0,29,40.0,1,0.5831013725608732,-0.12883035698403475
39,29,12,92,9,10,10,11,9,6,6.0,3,1,2.0,1,1,1,1,16,7.0,4,2,7.0,24,34.0,1,-0.285221227690902,-0.8254685836384446
41,30,16,90,4,10,9,11,8,7,6.0,6,2,2.0,1,1,1,1,21,8.0,4,2,90.0,30,27.0,1,0.5831013725608732,-0.593255841420308
44,29,13,98,8,8,11,10,9,4,4.0,6,2,1.0,2,1,1,2,16,9.0,6,2,217.0,33,24.0,1,-0.285221227690902,-0.36104309920217137
50,34,9,108,9,8,9,13,12,4,6.0,6,1,2.0,1,1,1,2,17,8.0,5,2,14.0,25,22.0,1,-0.11155670764054698,-0.593255841420308
22,37,13,85,6,8,11,6,9,5,5.0,6,2,8.0,4,1,1,1,18,17.0,7,2,2.0,23,25.0,1,0.06210781240980806,1.4966588385429216
39,28,10,88,9,11,10,11,10,5,8.0,6,3,5.0,1,5,5,3,22,22.0,14,2,15.0,33,31.0,1,0.7567658926112282,2.6577225496336045
27,24,14,76,7,9,11,8,7,6,6.0,7,3,3.0,1,1,1,1,22,10.0,4,2,29.0,39,32.0,1,0.7567658926112282,-0.12883035698403475
33,26,11,77,6,10,9,8,8,6,4.0,6,2,2.0,1,5,1,1,18,12.0,8,2,157.0,39,36.0,1,0.06210781240980806,0.33559512745223846
52,31,18,115,11,7,11,12,11,8,7.0,7,2,2.0,1,1,3,4,24,13.0,9,2,16.0,24,23.0,1,1.1040949327119383,0.5678078696703751
42,41,9,106,9,9,10,10,9,5,2.0,4,1,1.0,1,1,1,1,12,6.0,4,2,1.0,26,35.0,1,-0.9798793078923221,-1.0576813258565811
39,39,11,106,10,9,6,9,9,7,5.0,6,1,1.0,1,1,1,1,19,6.0,4,2,51.0,25,29.0,1,0.2357723324601631,-1.0576813258565811
28,25,17,78,3,6,11,7,6,9,8.0,8,2,2.0,2,1,1,2,27,10.0,6,2,54.0,26,24.0,1,1.6250884928630034,-0.12883035698403475
22,24,9,67,3,11,12,5,9,3,1.0,1,2,1.0,1,1,1,1,7,7.0,4,2,,23,36.0,1,-1.8482019081440975,-0.8254685836384446
38,38,10,95,11,11,9,9,9,5,5.0,3,1,1.0,1,1,1,1,14,6.0,4,2,66.0,47,26.0,1,-0.632550267791612,-1.0576813258565811
36,33,9,91,9,8,11,7,10,6,5.0,6,2,8.0,1,1,2,4,19,18.0,8,2,2.0,42,34.0,1,0.2357723324601631,1.7288715807610582
29,30,13,83,6,10,8,8,9,4,1.0,4,1,1.0,1,1,1,2,10,7.0,5,2,28.0,28,29.0,1,-1.3272083479930323,-0.8254685836384446
40,27,11,88,8,11,13,11,10,8,8.0,8,1,1.0,2,1,3,2,25,10.0,8,2,183.0,37,45.0,1,1.2777594527622933,-0.12883035698403475
32,40,11,93,5,8,10,6,4,2,2.0,4,2,1.0,1,1,1,1,10,7.0,4,2,60.0,33,37.0,1,-1.3272083479930323,-0.8254685836384446
45,30,20,116,5,12,12,11,10,3,1.0,3,1,1.0,1,1,1,1,8,6.0,4,2,17.0,21,32.0,1,-1.6745373880937424,-1.0576813258565811
39,38,13,98,4,8,10,8,7,2,2.0,2,1,1.0,1,1,1,1,7,6.0,4,2,60.0,30,27.0,1,-1.8482019081440975,-1.0576813258565811
29,31,12,83,5,8,10,8,8,4,5.0,3,1,1.0,1,1,1,1,13,6.0,4,2,39.0,26,33.0,1,-0.8062147878419671,-1.0576813258565811
29,34,10,83,5,8,10,6,6,1,1.0,3,1,1.0,1,1,1,1,6,6.0,4,2,38.0,26,19.0,1,-2.0218664281944525,-1.0576813258565811
23,33,5,74,7,8,13,7,9,6,2.0,7,1,1.0,1,1,1,1,16,6.0,4,2,,24,50.0,1,-0.285221227690902,-1.0576813258565811
33,18,12,71,3,10,11,9,3,1,1.0,1,1,1.0,1,1,1,1,4,6.0,4,2,61.0,23,41.0,1,-2.3691954682951626,-1.0576813258565811
45,42,15,108,3,5,9,5,8,5,5.0,1,1,1.0,3,1,1,1,12,8.0,6,2,14.0,20,30.0,1,-0.9798793078923221,-0.593255841420308
49,26,20,110,9,7,11,13,11,5,3.0,6,1,1.0,1,1,1,1,15,6.0,4,2,36.0,24,27.0,1,-0.45888574774125707,-1.0576813258565811
41,36,13,99,7,8,10,11,11,7,7.0,4,1,3.0,1,1,2,3,19,11.0,7,2,30.0,26,26.0,1,0.2357723324601631,0.10338238523410187
35,35,14,95,6,6,8,11,8,6,5.0,5,2,3.0,1,1,1,3,18,11.0,6,2,30.0,30,28.0,1,0.06210781240980806,0.10338238523410187
32,24,11,81,3,11,10,9,9,8,5.0,7,2,3.0,3,1,3,3,22,15.0,10,2,10.0,31,27.0,1,0.7567658926112282,1.0322333541066484
50,26,11,100,5,12,13,13,12,8,3.0,3,1,1.0,1,1,2,1,15,7.0,5,2,53.0,27,47.0,1,-0.45888574774125707,-0.8254685836384446
44,34,13,104,9,8,8,12,9,6,5.0,6,3,2.0,1,1,1,1,20,9.0,4,2,142.0,30,19.0,1,0.40943685251051815,-0.36104309920217137
43,29,9,96,8,8,11,8,11,4,5.0,4,2,1.0,1,1,1,1,15,7.0,4,2,4.0,35,35.0,1,-0.45888574774125707,-0.8254685836384446
38,29,11,94,7,12,10,13,9,6,1.0,4,2,1.0,1,1,1,1,13,7.0,4,2,12.0,30,28.0,1,-0.8062147878419671,-0.8254685836384446
47,31,15,106,13,7,12,13,12,9,5.0,8,3,8.0,5,1,5,2,25,24.0,13,2,18.0,36,9.0,1,1.2777594527622933,3.1221480340698777
46,37,10,105,8,8,8,11,8,4,5.0,6,2,1.0,1,1,1,1,17,7.0,4,2,22.0,27,29.0,1,-0.11155670764054698,-0.8254685836384446
36,46,14,109,9,9,4,11,8,7,6.0,7,4,2.0,1,1,1,2,24,11.0,5,2,36.0,38,27.0,1,1.1040949327119383,0.10338238523410187
31,42,14,95,8,7,11,6,7,6,4.0,6,2,1.0,1,1,1,1,18,7.0,4,2,1.0,24,19.0,1,0.06210781240980806,-0.8254685836384446
42,31,10,97,11,8,10,10,9,8,4.0,3,1,1.0,1,1,1,1,16,6.0,4,2,14.0,22,,1,-0.285221227690902,-1.0576813258565811
28,29,13,79,6,9,9,7,7,6,4.0,5,2,8.0,1,1,1,1,17,14.0,4,2,66.0,28,31.0,1,-0.11155670764054698,0.8000206118885117
38,32,9,94,5,8,7,7,11,5,5.0,3,2,4.0,1,1,1,1,15,10.0,4,2,24.0,32,38.0,1,-0.45888574774125707,-0.12883035698403475
35,34,12,96,5,11,11,11,6,5,5.0,5,2,5.0,1,1,1,1,17,11.0,4,2,336.0,50,34.0,1,-0.11155670764054698,0.10338238523410187
46,35,12,101,8,10,10,10,11,6,5.0,7,4,1.0,1,1,1,2,22,10.0,5,2,109.0,40,29.0,1,0.7567658926112282,-0.12883035698403475
45,27,18,98,4,9,11,13,9,8,7.0,4,1,1.0,1,1,1,1,20,6.0,4,2,11.0,22,19.0,1,0.40943685251051815,-1.0576813258565811
34,33,8,87,6,9,12,11,10,7,6.0,5,2,2.0,6,1,1,2,20,14.0,10,2,,23,37.0,1,0.40943685251051815,0.8000206118885117
22,37,16,89,6,6,12,5,5,8,3.0,4,2,2.0,1,1,1,2,17,9.0,5,2,89.0,35,28.0,1,-0.11155670764054698,-0.36104309920217137
39,25,14,88,4,7,10,8,8,7,7.0,6,2,2.0,1,1,1,1,22,8.0,4,2,26.0,31,29.0,1,0.7567658926112282,-0.593255841420308
42,31,12,98,10,7,8,8,11,8,8.0,8,2,7.0,2,3,2,1,26,17.0,8,2,336.0,55,33.0,1,1.4514239728126483,1.4966588385429216
48,33,9,100,8,11,10,11,11,6,6.0,6,2,2.0,1,1,1,1,20,8.0,4,2,22.0,32,21.0,1,0.40943685251051815,-0.593255841420308
26,32,15,85,5,6,9,4,8,7,8.0,7,2,3.0,3,5,1,1,24,15.0,10,2,12.0,32,37.0,1,1.1040949327119383,1.0322333541066484
35,27,10,84,7,7,10,8,9,5,7.0,6,1,2.0,1,1,2,2,19,9.0,6,2,15.0,28,35.0,1,0.2357723324601631,-0.36104309920217137
36,35,12,99,5,11,7,8,12,3,4.0,1,1,3.0,1,1,1,2,9,9.0,5,2,8.0,24,28.0,1,-1.5008728680433874,-0.36104309920217137
46,35,8,106,9,11,11,9,11,3,7.0,5,1,3.0,1,1,1,3,16,10.0,6,2,37.0,32,46.0,1,-0.285221227690902,-0.12883035698403475
27,24,6,69,3,13,11,8,12,4,5.0,5,1,3.0,1,1,1,1,15,8.0,4,2,12.0,44,46.0,1,-0.45888574774125707,-0.593255841420308
37,27,9,86,5,7,12,12,10,8,8.0,7,4,3.0,4,1,4,2,27,18.0,11,2,35.0,36,30.0,1,1.6250884928630034,1.7288715807610582
38,28,10,90,10,8,9,10,10,5,5.0,5,1,1.0,1,1,2,2,16,8.0,6,2,28.0,30,43.0,1,-0.285221227690902,-0.593255841420308
28,31,10,78,5,9,13,8,5,6,9.0,2,2,4.0,1,1,6,3,19,17.0,11,2,90.0,43,27.0,1,0.2357723324601631,1.4966588385429216
43,28,16,94,6,12,9,13,10,4,8.0,9,4,7.0,1,1,7,4,25,24.0,13,2,,40,31.0,1,1.2777594527622933,3.1221480340698777
38,31,8,93,12,9,13,13,9,5,1.0,7,3,1.0,1,1,1,1,16,8.0,4,2,49.0,41,36.0,1,-0.285221227690902,-0.593255841420308
39,29,5,83,8,11,10,12,8,7,5.0,6,3,8.0,1,1,2,2,21,17.0,6,2,24.0,35,38.0,1,0.5831013725608732,1.4966588385429216
50,31,14,109,9,11,6,11,12,6,7.0,3,1,2.0,1,1,1,1,17,7.0,4,2,,26,32.0,1,-0.11155670764054698,-0.8254685836384446
42,29,12,95,7,10,11,12,10,7,5.0,5,2,2.0,1,1,1,2,19,9.0,5,2,97.0,28,23.0,1,0.2357723324601631,-0.36104309920217137
35,32,13,90,4,10,9,6,9,6,7.0,6,1,2.0,3,3,2,2,20,13.0,10,2,57.0,44,29.0,1,0.40943685251051815,0.5678078696703751
34,31,11,90,8,9,9,10,10,6,3.0,4,2,1.0,1,1,1,2,15,8.0,5,2,25.0,24,40.0,1,-0.45888574774125707,-0.593255841420308
37,30,6,84,9,10,9,7,11,7,6.0,7,6,4.0,1,5,1,1,26,18.0,8,2,63.0,48,36.0,1,1.4514239728126483,1.7288715807610582
44,29,11,93,5,8,12,11,12,4,7.0,3,1,1.0,1,1,2,1,15,7.0,5,2,35.0,26,45.0,1,-0.45888574774125707,-0.8254685836384446
38,41,12,103,8,10,7,8,9,8,9.0,9,2,3.0,2,3,4,2,28,16.0,11,2,61.0,33,34.0,1,1.7987530129133584,1.264446096324785
31,43,16,100,10,9,6,8,11,8,2.0,6,4,3.0,2,1,1,2,20,13.0,6,2,25.0,26,34.0,1,0.40943685251051815,0.5678078696703751
44,34,12,107,11,8,9,10,8,7,6.0,5,2,4.0,1,1,7,2,20,17.0,11,2,8.0,24,22.0,1,0.40943685251051815,1.4966588385429216
36,33,11,91,4,11,10,9,9,7,5.0,5,1,8.0,1,1,1,2,18,14.0,5,2,21.0,29,37.0,1,0.06210781240980806,0.8000206118885117
43,31,14,97,9,9,9,11,9,8,5.0,6,2,8.0,1,1,1,1,21,14.0,4,2,46.0,30,31.0,1,0.5831013725608732,0.8000206118885117
41,28,15,96,11,10,10,10,10,7,5.0,7,2,8.0,2,1,2,1,21,16.0,6,2,132.0,40,35.0,1,0.5831013725608732,1.264446096324785
26,31,17,83,5,7,12,9,7,5,1.0,3,2,1.0,1,1,1,1,11,7.0,4,2,30.0,29,35.0,1,-1.1535438279426773,-0.8254685836384446
29,25,19,88,4,5,12,9,8,7,3.0,4,2,1.0,1,1,1,1,16,7.0,4,2,40.0,26,15.0,1,-0.285221227690902,-0.8254685836384446
44,30,13,102,11,8,6,8,11,7,6.0,3,1,2.0,1,1,1,1,17,7.0,4,2,4.0,25,34.0,1,-0.11155670764054698,-0.8254685836384446
46,32,14,108,10,7,11,9,11,6,2.0,6,2,1.0,3,1,1,2,16,10.0,7,2,26.0,25,21.0,1,-0.285221227690902,-0.12883035698403475
33,23,8,72,3,13,9,7,6,9,9.0,9,7,4.0,3,5,5,4,34,28.0,17,2,,46,44.0,1,2.8407401332154887,4.050999002942425
45,21,11,90,6,10,9,13,9,7,1.0,6,2,1.0,1,1,1,1,16,7.0,4,2,,22,39.0,1,-0.285221227690902,-0.8254685836384446
40,37,9,99,10,8,11,7,10,3,3.0,2,1,2.0,1,1,1,3,9,9.0,6,2,23.0,21,29.0,1,-1.5008728680433874,-0.36104309920217137
45,37,7,104,9,8,10,9,9,9,8.0,7,5,4.0,4,5,5,3,29,26.0,17,2,67.0,25,38.0,1,1.9724175329637135,3.586573518506151
44,34,13,100,8,9,8,8,9,5,2.0,4,1,1.0,1,1,1,1,12,6.0,4,2,18.0,22,28.0,1,-0.9798793078923221,-1.0576813258565811
43,34,7,95,9,11,13,12,10,7,7.0,8,2,3.0,1,1,4,1,24,12.0,7,2,105.0,36,30.0,1,1.1040949327119383,0.33559512745223846
35,24,14,81,4,10,9,8,7,8,7.0,8,2,1.0,1,1,1,1,25,7.0,4,2,13.0,22,33.0,1,1.2777594527622933,-0.8254685836384446
46,29,9,93,8,11,10,10,11,6,5.0,7,2,1.0,1,4,1,1,20,10.0,7,2,14.0,35,32.0,1,0.40943685251051815,-0.12883035698403475
45,39,11,110,9,8,9,11,13,2,3.0,2,1,2.0,1,4,1,1,8,10.0,7,2,31.0,24,18.0,1,-1.6745373880937424,-0.12883035698403475
38,34,11,91,9,10,7,11,9,3,,7,3,4.0,2,3,1,2,13,15.0,8,2,,28,25.0,1,-0.8062147878419671,1.0322333541066484
37,35,6,87,4,10,12,7,11,7,2.0,6,2,2.0,3,1,1,3,17,12.0,8,2,58.0,25,37.0,1,-0.11155670764054698,0.33559512745223846
39,27,12,90,9,5,11,9,10,7,6.0,7,3,2.0,1,1,3,2,23,12.0,7,2,40.0,25,40.0,1,0.9304304126615832,0.33559512745223846
32,27,11,83,8,9,10,9,9,6,6.0,7,4,4.0,1,1,4,2,23,16.0,8,2,9.0,36,24.0,1,0.9304304126615832,1.264446096324785
30,38,16,94,7,8,10,6,9,1,1.0,8,3,1.0,1,1,1,1,13,8.0,4,2,302.0,51,17.0,1,-0.8062147878419671,-0.593255841420308
38,39,11,102,6,6,8,8,7,7,8.0,8,5,3.0,6,3,5,2,28,24.0,16,2,87.0,35,30.0,1,1.7987530129133584,3.1221480340698777
38,38,15,100,5,5,10,10,7,6,6.0,4,3,5.0,4,1,4,2,19,19.0,11,2,135.0,50,27.0,1,0.2357723324601631,1.9610843229791948
32,36,8,86,4,9,10,10,8,3,6.0,2,2,2.0,1,1,1,1,13,8.0,4,2,18.0,27,32.0,1,-0.8062147878419671,-0.593255841420308
30,22,10,79,3,11,10,9,13,7,1.0,1,1,1.0,1,1,1,1,10,6.0,4,2,21.0,24,27.0,1,-1.3272083479930323,-1.0576813258565811
32,30,12,86,3,12,12,9,8,6,4.0,6,2,4.0,1,1,1,1,18,10.0,4,2,132.0,46,31.0,1,0.06210781240980806,-0.12883035698403475
40,28,7,82,10,11,7,12,7,6,1.0,8,4,1.0,1,3,6,2,19,17.0,12,2,,32,24.0,1,0.2357723324601631,1.4966588385429216
33,23,18,87,4,10,12,11,8,4,6.0,3,1,2.0,1,1,1,2,14,8.0,5,2,79.0,23,35.0,1,-0.632550267791612,-0.593255841420308
27,43,9,91,7,9,6,4,7,4,8.0,8,1,5.0,1,1,1,1,21,10.0,4,2,2.0,43,17.0,1,0.5831013725608732,-0.12883035698403475
25,25,14,79,8,6,10,6,9,4,4.0,4,2,2.0,1,1,1,1,14,8.0,4,2,62.0,31,27.0,1,-0.632550267791612,-0.593255841420308
35,37,13,94,6,8,7,10,8,2,2.0,4,2,2.0,1,1,1,2,10,9.0,3,2,144.0,37,27.0,1,-1.3272083479930323,-0.36104309920217137
36,33,6,87,7,12,11,7,11,5,3.0,7,3,4.0,1,1,3,2,18,14.0,7,2,28.0,36,33.0,1,0.06210781240980806,0.8000206118885117
36,34,15,100,5,10,10,9,12,6,5.0,4,1,8.0,1,1,1,1,16,13.0,4,2,11.0,22,34.0,1,-0.285221227690902,0.5678078696703751
31,33,13,89,5,6,11,8,10,7,7.0,6,2,4.0,1,1,1,3,22,12.0,6,2,78.0,44,34.0,1,0.7567658926112282,0.33559512745223846
37,30,13,87,11,9,10,10,8,7,5.0,7,2,1.0,1,1,1,1,21,7.0,4,2,2.0,23,26.0,1,0.5831013725608732,-0.8254685836384446
54,32,8,111,13,10,5,11,13,5,5.0,5,1,1.0,1,1,2,1,16,7.0,5,2,25.0,33,36.0,1,-0.285221227690902,-0.8254685836384446
31,39,11,96,3,9,8,7,7,4,1.0,5,2,1.0,1,1,1,1,12,7.0,4,2,13.0,24,24.0,1,-0.9798793078923221,-0.8254685836384446
47,37,11,108,10,6,10,11,11,7,5.0,7,2,1.0,1,1,1,1,21,7.0,4,2,2.0,23,13.0,1,0.5831013725608732,-0.8254685836384446
39,25,17,87,9,12,11,13,8,5,6.0,7,2,4.0,1,3,2,3,20,15.0,9,2,10.0,34,37.0,1,0.40943685251051815,1.0322333541066484
29,33,8,83,7,7,7,3,10,3,1.0,1,1,8.0,2,1,1,3,6,16.0,7,2,123.0,32,21.0,1,-2.0218664281944525,1.264446096324785
36,27,11,86,7,10,8,11,10,7,7.0,7,2,4.0,1,1,1,1,23,10.0,4,2,91.0,43,37.0,1,0.9304304126615832,-0.12883035698403475
42,37,8,103,8,10,8,8,8,8,5.0,6,1,8.0,1,1,1,1,20,13.0,4,2,37.0,26,29.0,1,0.40943685251051815,0.5678078696703751
32,39,16,98,5,9,10,5,12,3,5.0,2,1,8.0,2,1,3,1,11,16.0,7,2,61.0,29,23.0,1,-1.1535438279426773,1.264446096324785
40,35,6,97,5,11,8,7,11,7,8.0,8,1,4.0,1,1,1,1,24,9.0,4,2,62.0,44,43.0,1,1.1040949327119383,-0.36104309920217137
45,30,11,95,7,9,10,9,7,1,1.0,2,1,1.0,1,1,1,1,5,6.0,4,2,78.0,32,23.0,1,-2.1955309482448073,-1.0576813258565811
25,28,10,73,7,9,9,10,10,7,3.0,6,2,2.0,1,1,3,2,18,11.0,7,2,23.0,34,36.0,1,0.06210781240980806,0.10338238523410187
