FD,SCI,CO,PPI_SUM,BF_Ex,BF_Ag,BF_Co,BF_Em,BF_Op,Gender_male,MonthsInJob,Age
0.5630246,-0.09748569,-0.12016128,0.5012454,-0.1812799,0.10188291,0.117224306,-0.29297912,-0.04722948,-0.16859865,0.9885181,1.165774
-0.7495781,0.11631347,0.06742411,0.08341316,0.5905129,0.5431148,-0.04118978,-0.82127774,-0.30158037,-0.27804306,-0.23302269,0.7595854
-0.19149595,0.07141881,0.0358341,0.27125677,0.615225,-0.061873954,0.06700818,0.060428645,-0.25186712,-0.17305808,0.025011392,-1.1256123
0.026949331,-0.030006317,-0.024433404,0.36007875,1.4698797,0.21806167,0.1600768,0.10076959,0.035578042,-0.20426883,1.8127333,1.470702
-0.7521566,0.0032301107,0.26099926,-0.14221467,-0.3653064,1.3094273,0.3263496,0.39489156,0.14502184,-0.3020241,1.4187069,0.940361
0.026824776,0.059481174,0.30421695,0.26170343,0.6686766,0.27016145,-0.43747324,0.045751512,0.12351551,-0.26717892,0.7201881,1.159179
-0.064620264,0.015542206,0.1388377,0.13079529,-0.65699494,-0.1096523,-0.05992296,0.12449599,0.14339095,-0.25567073,-0.29929066,0.22941485
-0.1010251,0.17640184,-0.36324114,0.16632977,-0.41217545,0.21684426,-0.3132742,0.08438103,-0.0951921,-0.20973371,-0.053833675,-1.1194886
-0.20046407,0.14072691,-0.12511705,0.21783325,0.60929966,0.1823985,-0.15866308,-0.17887577,-0.35337183,-0.14742245,-0.15573248,-0.6186032
-0.6358608,-0.044729307,0.14413473,0.28303894,0.47887847,-0.07366817,-0.19933894,-0.64941347,0.1311309,-0.34760478,-0.21563262,-0.5412815
-0.08590883,0.07869494,-0.53305775,0.12231727,-0.5906755,0.12907393,-0.09463857,-0.19306433,-0.12269937,-0.22598174,0.01569054,1.0281646
0.04745214,-0.055739462,0.1839547,-0.6833142,-0.22934069,-0.09817985,0.14718424,0.048262574,0.100798465,-0.24086355,0.97065955,1.4214798
-0.46489844,0.24001965,0.21683529,0.31979173,-0.38440993,-0.09042511,0.14581665,0.11985575,0.09372592,-0.20115063,0.3268489,-0.3702313
-0.18324718,-0.1395908,-0.29751274,-0.11699986,1.2107527,-0.09990913,0.13734487,0.01383326,0.0032909026,-0.28337836,-0.40655163,0.45384017
-0.5118403,0.14735757,0.2952983,-0.11143521,1.0942664,0.2069327,0.15527946,0.10807651,0.21848285,-0.1755552,0.066117816,-0.45352712
0.2748063,0.09136717,0.31358597,0.40490845,1.941565,0.07757141,0.0405847,1.0835838,-0.0073531144,-0.073559895,1.5466921,2.1142688
-0.018989723,0.1802211,0.26097858,0.016917024,-1.1653738,-0.087639675,0.10526607,-0.02077977,0.0888313,-0.29151535,-0.17046197,0.6208897
-0.17591202,-0.107889846,-0.28482163,0.24423604,0.93377155,0.15140334,0.13049828,-0.24676313,0.11536168,-0.21305515,-0.11267589,1.079459
-0.2550876,-0.18018259,0.017315203,0.123141915,0.7053656,-0.9664556,-0.047728963,-0.26621208,0.065992385,-0.25526685,-0.22596076,0.40179372
-0.16554777,-0.1902622,0.117896795,0.2800098,-0.46603155,-0.06931507,0.12300388,-0.20519367,0.08161814,-0.14539479,-0.2048018,-1.1296114
0.35142347,-0.0806199,0.33689746,0.15458281,1.3068075,-0.014722107,0.19870135,-0.21066077,-0.12713723,-0.15523632,1.249302,1.4096103
0.5340969,-0.045512732,-0.24335428,0.6353697,1.7803898,-0.47280902,0.19475299,0.81222767,0.031759035,-0.108857945,1.1019523,1.8289909
-0.1462185,-0.03728347,-0.044713527,-0.02953263,1.4801741,0.0024610977,0.22519764,0.08495487,0.14843298,-0.39913517,-0.28812408,1.3013248
-0.10363056,-0.050363064,0.11130448,0.14962207,0.8564616,-0.055841416,0.08634634,-0.18010624,-0.25993472,-0.17891769,-0.40725803,-0.87073106
0.06549647,0.121179424,-0.7400278,-0.12884009,-0.58312476,0.146034,0.21074879,-0.40866742,0.08242489,-0.29654834,0.60065544,-0.54107314
0.061062858,-0.39786878,0.010977594,0.4158663,0.33323547,0.15933177,0.152936,-0.5204992,0.16103129,-0.2545062,-0.15229203,-0.9999661
0.123546086,0.07711193,0.530198,0.22839628,0.7282621,-0.07606878,-0.116931155,-0.20835698,-0.235777,-0.2335966,-0.022150228,-0.5829853
-0.084255695,0.071461536,0.13011265,0.20309223,-0.14727415,-0.047468074,-0.09407865,0.12296153,0.18294251,-0.21780328,-0.6231055,-0.46882948
-0.0123224715,0.15026629,-0.21617036,-0.75938916,-0.7032916,0.27703488,0.0657529,0.037252832,0.12527356,-0.23840617,-0.017025994,-0.48566386
-0.33056444,-0.056714687,0.20016336,0.43185604,-0.3562455,-0.105249465,0.14045522,-0.3945472,0.19109711,-0.22635432,-0.17203845,-1.0320617
0.09097794,0.0040335385,-0.22481921,-0.7556591,0.89005244,-0.06561144,-0.15074429,-0.02205626,-0.3171027,-0.20859586,-0.13256517,1.1207848
-0.22577453,-0.057675082,0.30897588,0.21483809,-0.93698806,-0.26774412,-0.4511831,0.37610492,0.06461104,-0.18288587,0.46829376,0.9204566
2.5447242,0.13772167,1.1406765,-0.99652135,-0.3436144,-0.04508364,0.009134736,-0.050361067,0.17184237,-0.2554423,0.0006694074,-0.0027053421
0.1706067,0.31371582,0.29313937,-0.7462647,0.74150157,-0.17917888,0.043308944,0.057938922,0.14872096,-0.1981389,1.2256867,1.6638622
-0.0892076,0.065687,-0.33832127,0.05146115,-0.92347085,0.5506649,-0.17180397,-0.14851792,0.080778904,-0.2863805,-0.14646319,0.95755446
-0.05220543,-0.051341254,0.26386,0.41460097,0.7896027,0.045087975,-0.03959071,0.15673555,0.2734222,-0.24634556,0.16597316,-0.78033185
0.03634392,-0.04639474,0.36935508,0.12713301,1.4225134,-0.1732037,0.097671635,0.105962515,0.03299032,-0.19109917,1.4329448,1.6823908
-0.61169934,0.080679685,-0.22414364,0.045721695,-1.0628636,0.11700056,-0.016876748,-0.29477045,0.05993856,-0.36425027,-0.2967141,0.9214244
-0.16671808,-0.098897755,0.2969785,0.2236307,-0.573031,-0.08842703,-0.14581144,0.098309964,0.13016462,-0.25545934,0.02189734,-0.8999515
0.0101097105,-0.12691048,0.22382265,0.08340632,-0.644676,-0.09932092,-0.13955852,0.023379983,0.12852019,-0.42027408,-0.21836677,0.92920536
-0.6690067,-0.058321614,-0.020545963,-0.16504042,-0.5997674,-0.10657893,-0.04324393,0.11262105,0.11413545,-0.24091391,0.26602167,0.65200436
0.037441257,-0.051264476,0.010442962,0.22368559,-0.11624609,0.057657987,-0.22807755,-0.45246768,0.08613045,-0.26294032,-0.53289235,1.0711746
-0.06960702,-0.5540412,0.02980897,0.38387856,0.6228296,-0.03242009,0.07433444,0.18829644,0.3027186,-0.22449848,-0.2256064,-0.7870662
-0.22205032,-0.21076895,0.23840845,0.38947952,0.6543932,-5.077984e-05,0.13599849,0.059394475,0.27383935,-0.30074573,-0.103909485,-1.2740035
-0.10703517,0.05865382,-0.069588445,-0.36341432,-0.5258321,-0.10865238,-0.16477421,0.09776629,-0.26963872,-0.24351591,-0.51693153,-0.8216034
-0.1322002,-0.012969742,0.22510159,0.22005007,-0.76300466,0.100741506,-0.011090204,-0.2440304,-0.1268699,-0.23506652,-0.3249691,0.66086984
0.040629603,0.0032027855,-0.000809364,0.12325027,-1.280406,-0.008069765,0.027367838,-0.35836908,0.06275096,-0.24344309,1.4706669,0.2939668
-0.5693205,-0.038077805,0.09512741,-1.8374404,-0.6208505,-0.6408346,-0.52302283,0.1439013,0.008794212,-0.24893092,0.34619895,0.53815556
-0.7768149,-0.11996995,-0.027248658,-1.5027347,0.8012596,0.009225074,-0.06851069,-0.5973514,0.11691078,-0.29909113,0.07720499,1.3446358
0.4483871,-0.104787774,0.36649427,-0.5896758,1.510053,0.08598557,0.109306864,0.27207738,-0.17069493,-0.14777523,1.7444197,0.93136007
-0.6037003,-0.016820872,-0.093619384,0.14608218,0.68307996,-0.08711284,-0.07560319,0.081374206,0.08443805,-0.24645129,-0.1062623,1.2937933
-0.6153649,0.061195787,-0.039953504,0.39828637,-0.19548614,-0.071120396,0.16047515,0.092103384,0.14797185,-0.18521345,-0.27862763,-0.76861095
-0.16461405,0.0065981857,0.09156652,0.36573344,-0.199996,-0.038060438,0.041665692,-0.28926834,0.23108499,-0.19332416,-0.2944803,-1.1533891
0.17683157,0.36589265,-0.041335043,0.53882116,1.0285655,-0.03996307,0.12807925,0.733941,0.10426147,-0.2081694,0.046666816,-0.5683739
-0.046186388,-0.08906046,0.1703991,0.2190625,0.70315963,-0.11595561,-0.16888693,0.045427002,-0.06691778,-0.24116176,-0.34670278,1.0367519
-0.45480728,-0.017585583,0.34491247,0.43215075,-0.40373358,0.1312721,0.17717008,0.17422672,0.1673482,-0.21149752,0.75135505,-0.26898095
-0.12838182,-0.061838213,-0.2527937,-0.30545112,0.40269184,-0.12288808,0.16266769,-0.77121824,-0.69663423,-0.23659745,-0.12405103,-0.9930216
-0.087492086,0.14113984,0.14872096,0.12375321,-0.8079239,0.07446384,-0.08075644,-0.22602862,0.020114198,-0.2790777,-0.23395008,1.2941605
0.039184354,0.014102098,-0.032296374,0.24732718,-0.50779015,0.04524401,0.096328095,0.088858925,-0.1891991,-0.2972904,0.05406998,0.76787716
-0.06790047,0.1766575,0.087260425,0.33344716,-0.40425253,-0.10401546,-0.14103898,0.08623108,-0.2565984,-0.17986116,-0.3225457,-1.0135151
-0.33866417,-0.010286852,0.18061021,0.29543963,-1.0718364,0.11656632,0.13144669,0.09786949,0.15921576,-0.26039016,-0.204734,-0.2760343
-0.06839802,-0.11472178,0.38507792,-0.8833144,1.2487106,0.05254679,-0.22735958,0.05883925,0.032286454,-0.27841836,-0.603371,0.7900031
-0.07254558,0.021789523,0.23285617,0.23817733,0.6887164,0.1505567,-0.081813,0.16991208,0.05603647,-0.20268993,-0.16811016,-1.6125071
-0.059563473,0.14561388,0.08525717,0.2369756,-0.5536691,-0.08839347,-0.02909137,0.08245017,0.083233275,-0.2521466,-0.23133962,0.87160707
-0.54900426,0.090186626,-0.07661856,0.3607183,-0.32459483,0.09458061,0.18112206,0.090724364,-0.19371958,-0.19797634,-0.06473123,-0.33938512
-0.47987148,-0.07267324,-0.09642035,0.15052757,-1.0033648,-0.05932635,0.08023941,-0.20881322,0.104131855,-0.204762,-0.14130673,-0.44177175
0.034526013,0.39273778,0.009289906,0.017845435,0.7044125,-0.106840946,0.14935237,-0.21789204,0.2183824,-0.24147858,-0.20699774,0.9850443
-0.045127034,-0.17089167,-0.49755985,0.09765722,-0.7141691,-0.15634508,0.117091656,0.025636133,-0.07505258,-0.2518275,-0.18596254,0.72325104
-0.4541901,-0.15591608,-0.58117217,0.32935262,-0.45114127,-0.07620651,-0.02768819,-0.38803676,0.03616777,-0.23357303,-0.07193268,-1.0215522
0.10650018,0.1306527,0.20529367,-0.52711344,0.8856817,0.17667314,0.11698536,0.080938295,0.23614024,-0.16385898,-0.1983693,-0.7467646
-0.09983953,-0.04570628,0.08268005,0.25156802,-0.37336922,-0.09643847,-0.096218765,-0.21904346,0.19563016,-0.16964273,-0.16548505,-0.37715968
0.11353167,0.14155902,0.026446637,0.18994677,-0.6342969,-0.090803154,-0.06092136,0.23501952,-0.025192477,-0.18447009,-0.12806703,1.0061758
-0.05089275,-0.06273982,0.11152807,-0.69625765,-0.5672994,0.30227956,-0.10507035,0.047145262,0.18682083,-0.30256402,-0.14249025,1.0651407
0.23945415,0.008601071,0.50846183,0.3409168,1.7623664,0.5614583,-0.11526223,0.8904255,0.0739282,-0.06857972,2.0126693,1.4150276
-0.6658847,-0.036818504,-0.0008686071,0.1290591,-0.60843074,0.38559952,-0.09745495,0.04194015,0.14591424,-0.32886395,-0.15145335,0.81111085
1.312348,-0.12107036,-0.44963938,0.48260474,0.5733658,-0.07146359,-0.13232522,-0.17741735,-0.50532126,-0.18325305,-0.5995841,-2.7804954
1.6006745,0.14983706,0.45816502,0.069063984,1.752391,-0.088503584,0.17143118,1.3024889,0.13500834,-0.09316021,0.19045277,1.8292007
-0.07484813,-0.037149094,0.066200785,0.33425462,0.67582154,-0.032580864,0.043496035,0.19295089,0.18856603,-0.18662399,-0.16021848,-1.1315153
-0.5768559,-0.1399665,0.22723697,0.33539405,-0.43759644,-0.102032684,-0.094241716,0.14422314,0.21289779,-0.19445547,0.0060421824,-0.6052366
-0.5069302,-0.13697653,-0.04758282,0.23995586,-0.53543866,0.33448577,0.12295819,0.03974504,0.02650388,-0.29767793,-0.24219075,0.85355526
-0.70939434,-0.07815126,0.06820649,0.1112293,0.7884773,0.08909941,0.05908119,-0.022511827,0.08968772,-0.27494925,-0.3041578,-0.6426812
-0.07482432,0.07907905,0.040365096,0.17174229,-0.5515857,-0.15751347,-0.08214178,0.042540103,0.09468053,-0.2629314,-0.090473466,0.9916684
2.0273585,-0.20499444,-0.06395922,-1.1003289,-1.0667813,-0.18424514,-0.09911917,0.28992748,0.018995658,-0.19695659,0.27077854,-1.1666989
2.7913265,0.124420576,0.2010707,0.55857277,-0.1063885,0.0072213635,0.009826453,0.8247251,0.21473907,-0.21155311,0.8257682,1.2145596
-0.13547958,-0.06326326,0.113614455,0.14109236,-1.1614151,-0.2320418,-0.029497534,-0.036296796,0.021992095,-0.3366004,-0.18370463,-0.28538233
-0.048696965,0.009547801,0.0024875484,-0.67340636,-0.16039409,-0.084916025,-0.10501308,0.1380525,0.12749873,-0.22163963,-0.144873,-0.3487453
-0.54615486,-0.1460511,0.2373808,-1.497214,-0.69345737,-0.071409054,-0.10858669,-0.16886231,0.15580012,-0.34199488,-0.028808303,-0.4225996
0.2028122,0.42707705,-0.28900358,1.2031581,1.7699972,0.05991789,0.14554043,-0.15060821,0.010563216,-0.16940883,0.2905205,3.0761964
0.34389535,0.028283658,-1.8775463e-05,0.33186087,1.0499437,-0.0002820578,-0.26417515,-0.22161019,-0.46733505,-0.13615201,-0.5450314,-1.2794998
0.23377508,0.017844984,-0.42519006,0.48800036,-1.5087552,-0.32502016,-0.5740853,-0.06048375,-0.036299527,-0.22387652,0.7543664,1.2096072
-0.03924363,-0.4751149,-0.0454659,-0.00043675303,-0.19519556,-0.056374773,0.09762883,-0.20360588,0.19508235,-0.17911883,-0.2878214,-1.0054487
-0.53530496,0.064612955,0.14282373,0.26239848,-0.500526,-0.16720712,-0.103684,-0.46809834,0.15307209,-0.40956435,-0.13109446,0.7731461
-0.11975169,0.10806834,0.26695445,-0.06764132,-0.58082616,0.19608213,0.09126883,0.46955112,0.057182275,-0.2742876,0.8451882,0.8037786
1.2548193,-0.2808251,-0.4613268,-0.3212506,1.3414938,-0.1821017,-0.22597459,0.8548821,-0.098362416,-0.15956154,0.11083892,0.9405502
-0.0014032885,-0.25404772,-0.19472358,0.12956917,-0.4919924,-0.18060607,0.15488197,-0.38104948,-0.21663138,-0.3739415,-0.22625236,0.99298847
-0.41943982,-0.026553884,0.103254944,0.18401279,-0.21537247,-0.50437486,-0.12301871,-0.2739276,-0.2838604,-0.22814332,0.245115,-0.79738075
-0.49378762,-0.008914599,-0.029849019,0.15768044,-0.597106,-0.104906335,-0.08138217,0.04127875,0.049698114,-0.29042584,-0.21922548,0.020700501
-0.5356069,-0.07173559,0.4536726,-1.0846289,-0.4547982,0.16717623,-0.046901643,0.06566065,0.16256557,-0.16748148,0.14568956,-0.6862087
-0.5121096,0.54750454,0.13533188,0.15507288,-1.2232449,-0.09667365,0.118693136,-0.2691093,-0.034844495,-0.24180543,-0.11278,0.35230014
-0.29388583,0.5370308,0.35290283,0.41360432,-0.39679545,-0.02652403,-0.064931564,0.19152756,0.13876542,-0.3519985,0.10476689,-1.2322457
-0.52147907,-0.024347896,0.65805817,-1.4085296,-0.56615764,-0.14745153,0.053600222,-0.26671106,0.16183348,-0.30587265,-0.25368318,0.7722256
-0.6736056,-0.1576832,0.33416107,-1.4676633,-0.23036233,0.2948868,-0.04690832,0.0700541,0.16705756,-0.36121893,-0.17574964,-0.5401233
1.1063274,-0.018113261,0.00812534,-0.079905234,0.76590836,0.029176435,-0.19216895,-0.2812012,-0.54467434,-0.15934046,0.02732043,-1.6188772
-0.1729633,0.06049711,0.09059368,-0.44035175,-0.33611757,-0.11317239,0.040141203,-0.38669524,0.21502508,-0.2580852,-0.36725473,-1.1455541
-0.08261889,0.3472529,0.020193927,0.5943524,-0.2268223,0.27783588,0.008615911,0.055755015,-0.19334745,-0.30975693,-0.2456729,1.3941784
-0.24139726,-0.04225886,-0.09035291,-0.6912893,0.6911052,0.042818066,0.17699791,0.05552674,-0.24857424,-0.16461284,-0.18147734,-1.749483
-0.11738252,-0.039667796,0.057239298,-0.026686225,-0.11993372,-0.023203667,-0.09143342,0.10442006,-0.14720923,-0.1887506,-0.18767516,-0.50937724
-0.13523704,0.058635775,-0.1948789,0.4375022,-0.39476854,-0.6152637,-0.19345008,0.11327022,-0.1694525,-0.18439822,-0.14445907,-0.827064
-0.14283712,0.010860797,-0.026814664,0.7253167,1.3191829,-0.15080085,-0.5697599,-0.29152364,-0.2779753,-0.2525699,0.43363962,1.3241138
-0.7019371,0.08296385,0.1649028,-0.004018942,-0.76075035,-0.07676883,-0.02947488,0.033220384,0.12245003,-0.2497331,0.50153804,0.73633426
-0.5043985,-0.03845799,-0.059645586,0.14046982,-0.18303579,-0.005230613,-0.14064918,-0.45056233,0.1320542,-0.26179117,-0.11895416,0.2787211
-0.17978048,-0.1022894,-0.016720802,0.1564311,-0.73944616,-0.25917187,0.13634096,0.012065424,-0.10263572,-0.29239756,-0.20690908,0.51021683
-0.24407284,0.10120102,-0.14492701,0.18132262,-0.63559824,0.14525503,0.39598942,0.09698444,0.06581623,-0.22678554,1.1275116,0.9060288
1.4485985,0.17820229,-0.14631486,0.86496335,1.3340871,0.08813418,0.27273676,-0.18034352,-0.13799272,-0.17425488,1.2264717,1.3570697
0.02935942,0.056710247,-0.23255846,0.13591501,0.92284167,0.12867548,0.14910097,-0.13876808,-0.18515217,-0.21064621,-0.30049932,0.54569346
0.2776969,-0.16498901,0.28018352,0.19555098,0.92235833,0.16860268,0.011766781,0.029701198,-0.18607548,-0.21272469,-0.22553073,-0.5613062
0.62330204,0.09233301,0.06014936,0.5987695,-0.9592974,-0.121769026,0.085564256,0.4436975,0.11603647,-0.1709669,-0.461124,1.1098164
-0.13944072,-0.08918731,-0.33114675,0.12266402,1.0293256,-0.14914346,0.18284653,0.14016804,0.16474457,-0.19458497,-0.45191956,0.18143222
-0.0054678023,-0.022076337,0.0194734,0.25269186,-0.30631214,-0.07150429,0.0031719021,0.122112684,0.17980812,-0.23514724,0.2859797,-0.22490372
1.1800362,-0.13674508,0.036724374,0.34329146,0.7975331,0.1525411,0.024771113,0.24345522,-0.23290937,-0.22521807,-0.47912568,0.49884316
-0.41925293,-0.02728693,0.29040763,0.12767982,-0.72747636,-0.10015404,-0.10214418,0.0975394,0.08831114,-0.31232622,-0.38069123,1.2420086
-0.17828076,0.0017544329,0.16920245,0.22794548,0.3947256,0.12845203,0.017178172,-0.6674855,-0.2865485,-0.3721566,-0.15956709,-1.0443062
-0.31636745,-0.25737843,0.082350306,-0.30952877,0.82846373,-0.10199432,0.053322192,0.32152045,-0.55563676,-0.20237891,-0.31011057,-1.1379782
0.11589113,0.199831,0.15018703,0.40800595,-0.1284387,-0.032604557,0.023967395,-0.34811917,0.22998196,-0.24227756,-0.2865689,-0.9346861
0.3593861,-0.047026,0.0040395604,0.32739764,0.8878805,-0.0315518,0.22941749,-0.0054002963,-0.25690922,-0.146099,0.1005683,-1.2395573
-0.49970555,-0.02618798,-0.27635026,0.05272205,0.55885786,0.18155774,-0.015931716,0.06630558,0.12114576,-0.33726272,-0.3065899,1.2065347
-0.0421971,-0.0250107,-0.3351217,-0.59070456,-0.3126023,1.3142577,-0.34773105,0.071693994,-0.13198091,-0.23233877,0.0046638288,-0.8095478
0.31312996,-0.076608285,-0.42420375,-0.54673713,0.71806526,-0.025037501,0.16534285,0.20335329,0.102137096,-0.15891148,0.84725475,0.687271
-0.75054896,-0.15738767,0.15425056,0.19121292,-0.7953971,-0.10000402,-0.08841285,0.06846679,0.11794341,-0.27951667,-0.011925009,0.840605
-0.15477176,0.19424154,0.027272996,-0.2859333,0.8613164,-0.0150825195,0.19165511,0.08417395,-0.08023161,-0.15275331,-0.23293874,-1.9043005
-0.57938796,0.031187776,0.01785458,0.17249067,-0.15526494,0.12386861,-0.08464694,-0.39289355,0.21940504,-0.1987255,-0.20662172,-1.0578088
-0.9974243,-0.17945404,0.2691732,-0.22506657,0.30750197,-0.12134293,0.15657376,-0.626836,0.07149475,-0.2782228,0.29249278,0.9772728
-0.037585415,0.07168885,-0.06475893,0.18526445,0.69583815,0.10380862,-0.057400674,-0.55303746,0.18528472,-0.28224358,-0.18152101,1.1754426
-0.15071791,0.05152336,0.28675833,0.1983185,0.73170453,-0.036340646,-0.158131,0.13640034,0.19061354,-0.36970398,-0.3313723,-0.57327116
0.121528015,0.03983277,0.27224615,0.3804718,-0.16757014,0.03926539,-0.15126735,0.26371294,-0.285956,-0.25960907,-0.15986305,-1.3934885
-0.0029609464,0.100971125,0.3987346,0.28950253,0.46018407,-0.030352773,0.027995149,-0.65907335,-0.34609807,-0.32943457,-0.36216086,-1.3624753
-0.2900959,-0.19271156,-0.40746263,-0.05878465,-0.60190326,0.28169394,0.11617848,0.27846962,-0.1330814,-0.27707884,-0.24107501,-1.0746881
-0.47229475,0.24188699,0.17504022,0.29751515,-0.5436516,-0.06698899,0.050253145,-0.17141074,0.21359885,-0.285128,-0.3051011,-0.9678766
-0.115710266,-0.07004154,0.060466427,0.17100163,-0.2125741,-0.5981632,0.009066367,0.6188697,0.06538114,-0.12831026,1.2313123,1.4057344
-0.77406955,-0.014059584,0.3215226,-0.48014155,-0.3435852,-0.21353722,-0.145239,0.09775414,-0.15623719,-0.2113596,0.48168814,0.97805107
-0.57035005,-0.056404363,-0.1157411,0.19904834,-0.58708835,-0.110387914,-0.09922538,0.12016269,-0.1471761,-0.29485178,0.057567175,0.0966268
-0.050946467,0.13395722,0.02415064,-0.4821099,-0.33914876,0.13146463,0.06859322,0.27677843,0.17205802,-0.1355535,-0.18344396,-0.4105199
-0.09926195,-0.016375473,0.13200663,0.35520756,-0.3635241,-0.06385897,-0.1219685,0.14717792,0.12131571,-0.2505477,-0.097058706,-0.63636374
1.0553802,0.135979,-0.5148594,0.5234653,1.3128512,0.081929035,0.13903779,0.34975326,-0.13955404,-0.16715346,0.006929177,1.5538368
-0.23715872,-0.35663167,-0.32688475,-0.6617384,0.38910428,-0.86961466,-0.5979713,-0.06603281,-0.06730106,-0.22494805,0.34184337,0.9369932
-0.612397,-0.092554696,0.6123427,0.09688179,-1.1812422,-0.1867005,-0.3058543,0.009488072,0.036676396,-0.40336913,-0.13406488,0.00344144
0.84967947,0.12006285,0.06596179,0.26492986,0.68128633,-0.014243444,-0.03565731,-0.2528628,0.3782626,-0.12328693,-0.14483386,-0.7676125
-0.559753,0.07442802,-0.097782694,-0.4439071,-0.5712094,0.05177162,0.023753498,0.15184116,-0.096497506,-0.21573646,-0.1561085,-0.3067633
0.010654416,-0.10445018,-0.20152362,0.06453174,1.132015,-0.025528232,-0.09643871,-0.01636818,0.14009339,-0.21718395,-0.13094157,0.45214227
-0.09592839,0.05293859,0.22883949,0.3791395,-0.5472228,-0.11208225,-0.010163251,0.06459265,-0.35240668,-0.30180448,-0.15144971,-0.64291257
-0.1362893,-0.0442827,0.12743863,0.16325924,-0.35301173,-0.1279223,0.037179787,-0.33249474,0.20530564,-0.23519003,-0.5417759,-0.45449692
0.08764546,0.1277087,0.2096084,0.24493887,-0.16921002,0.20825873,0.13427076,0.092405915,0.1709604,-0.14166877,0.05181495,-0.44526112
1.5811257,0.18931411,0.41251448,0.122904666,1.7295392,0.19027424,0.3635521,1.2813468,-0.14590949,-0.07994449,0.15644877,2.409707
-0.123880066,-0.56174356,-0.20182493,0.33237168,-0.35959744,0.25325644,0.006499657,-0.34961224,-0.055881597,-0.28211913,-0.5256841,-1.5749973
-0.52505195,0.13006553,0.3673116,0.038119316,1.303295,0.083727084,-0.16913019,0.062123176,0.091425546,-0.24980427,-0.017197782,1.3458384
-0.7166442,-0.08245574,-0.4812768,-0.17735197,0.49936813,-0.07296159,0.09263464,-0.8158414,0.01939169,-0.29525942,-0.10399579,0.57654923
-0.13602374,-0.06191613,0.15422805,0.08722822,-0.266419,-0.045791216,-0.17289557,0.013742842,0.18763001,-0.12451136,-0.6018484,-0.911595
0.0020414502,0.080110185,-0.28582102,0.08019352,-1.2998147,-0.09700354,-0.18082646,-0.19902903,0.03912357,-0.26749665,0.0042108167,0.7195745
1.6192616,0.008959575,0.18476549,0.33233857,-0.16548876,0.053088885,0.07107291,-0.20744951,0.06623219,-0.18491746,-0.04249639,-0.091212645
0.006364448,-0.14484994,0.15049617,0.21511388,-0.47455022,-0.0036364798,0.07028206,-0.17818484,0.13654646,-0.11526526,-0.21229956,-1.394897
-0.23718901,-0.14805767,-0.5305573,0.3444057,-0.6337552,-0.10896798,0.085355714,0.08078529,0.17696148,-0.23906562,-0.1678493,-0.65338844
-0.29786235,-0.7236203,-0.4599123,0.6680261,1.0147617,-0.027510514,-0.22126369,0.07615207,-0.27898782,-0.35605934,-0.47153798,1.0172288
-0.11980454,-0.53323567,-0.38176054,0.33250502,-0.47154158,0.057155713,-0.06194809,0.16468967,0.01737299,-0.29324815,-0.29793334,-0.85530597
0.32817522,0.15469898,0.60788107,-0.4491442,0.94054306,-0.03558782,0.18125215,0.10440278,-0.27204022,-0.24787155,-0.24159482,-1.3675399
0.14182627,0.119509235,-0.11170304,-0.48801696,0.9268883,-0.04332295,-0.16670823,-0.19515069,-0.32651055,-0.13446154,-0.20920931,-0.6021103
-0.82472724,-0.038000178,0.14642432,0.049550608,-0.2678801,-0.07525798,-0.05860999,-0.5433018,0.031812977,-0.24912682,-0.14456339,0.45522955
1.905812,-0.13192903,-0.20115823,-0.11674064,-0.4881338,-0.05436713,0.19923797,0.34080613,-0.3990934,-0.13235886,0.06994922,-0.43613166
-0.087799445,0.11397188,-0.09793725,0.17244887,0.7323902,0.13401186,0.15289699,0.117101915,-0.175262,-0.2386127,-0.20397691,1.3042858
0.013373545,0.027934764,0.19108899,-0.6242047,-0.16261196,0.115215674,-0.06037586,-0.1380346,-0.09666875,-0.18902868,-0.11066377,0.816119
0.16740265,0.07106015,0.19192098,0.24816541,-0.1768104,1.4965742,0.059835106,0.11916729,-0.39608568,-0.2541689,-0.080631524,-0.44391286
0.92688894,-0.059917975,-0.5459343,0.13278441,-0.9280232,-0.23965392,-0.091071576,-0.20765468,0.13527241,-0.26592058,0.017074065,-0.39086288
1.4604158,-0.24613242,-0.07864966,3.4619262,0.52123666,0.19100475,-0.06120526,-0.28932393,-0.40124717,-0.20173591,-0.18253319,-3.0144727
-0.15561454,-0.013878829,-0.6313127,0.17000194,-0.4332466,0.013575686,-0.20711103,-0.18612397,0.03314031,-0.17137189,0.123548746,-0.5720317
-0.08042449,0.04721955,0.17584415,0.29924172,-0.0992103,0.18160295,0.1904414,0.13368821,-0.21544038,-0.17452206,-0.0091461055,-1.4404892
-0.38533226,-0.062520474,0.3674953,-1.1090983,-0.29599026,-0.0913101,0.107990555,0.028138094,-0.044922855,-0.21019588,-0.10086599,0.38867688
-0.26287386,0.0111736115,0.20519318,0.2585796,-0.54860646,-0.11223122,-0.07890557,0.118130155,0.12128217,-0.25803426,-0.03995367,-0.25308585
-0.17671344,-0.06243623,0.3676572,-0.8453535,1.1792532,0.10108611,0.31413853,0.38409096,-0.1793609,-0.17737667,0.27089688,1.5731215
-0.25697094,0.014967186,-0.61528677,-0.06762049,-0.28234616,-0.06728734,-0.024289057,-0.5852889,0.030613057,-0.29138836,-0.09906056,0.085582964
-0.03759925,-0.07309095,0.12789635,-0.028654385,-0.60967964,-0.15750131,-0.10958643,0.20324904,-0.2917136,-0.30627137,-0.25182098,0.97425294
-0.7835628,-0.021701813,-0.0409414,-1.2293518,-0.9938438,-0.063563034,-0.07912453,-0.2044917,0.10249007,-0.2580233,-0.14351542,-0.27470982
-0.16276945,-0.008660587,-0.07364685,0.39991787,0.5667005,0.072719276,-0.13430144,0.035254546,-0.2935306,-0.17704277,0.04076845,-1.6590925
-0.1087328,0.07383388,0.29280993,0.13732871,0.595928,-0.2472954,-0.2854054,-0.33399466,0.047291163,-0.19422685,0.9257762,0.971905
0.056357153,0.0017099809,0.7897613,0.21417437,0.44886523,-0.58924377,0.043142408,-0.3541764,-0.31024808,-0.33244857,-0.20934342,0.8232866
-0.08055614,0.041114643,-0.59469086,0.4341092,-0.19510269,-0.055056266,-0.009756437,0.17450756,0.17279893,-0.26312262,-0.2671065,-0.6108517
-0.037411653,0.054337416,0.1709524,-0.34685355,-1.1304743,0.058281813,-0.09063235,0.01626965,0.08052877,-0.24567778,-0.19059804,-0.4791442
-0.21673891,-0.06160189,0.12503281,0.36949524,-0.23356085,-0.05035683,0.16267543,0.22679609,-0.020431228,-0.105944075,-0.20729515,-1.516029
-0.032609116,-0.01848104,-0.27115512,-0.17059757,1.0018547,-1.0558205,-0.1888052,0.08649431,0.055541463,-0.31511024,-0.5015339,0.4282367
-0.04229399,0.08157282,-0.053834677,0.26151258,-0.3586574,-0.061479546,-0.14815918,0.10346658,-0.2576979,-0.18587598,-0.23092882,-0.37794498
-0.17556173,0.21397546,0.4556945,0.25399652,1.0394803,0.051333975,0.04137458,0.54218745,-0.049521264,-0.32915342,0.09313561,1.2693338
-0.07579464,0.1005032,0.12383058,0.2908283,-1.0310622,-0.1389184,-0.113634706,0.10398955,-0.022576887,-0.26623288,-0.37949723,-0.5876379
2.0808766,-0.030672725,0.0914539,-0.38766944,-0.21048176,-0.012862558,-0.31131074,0.30786678,0.13176464,-0.15088397,0.33797532,0.38120613
0.023423918,-0.46766186,-0.021452218,-0.41540655,0.31508756,-0.07285918,-0.14491099,-0.54453295,0.120251976,-0.20957127,-0.23129831,-1.4227151
-0.11097455,-0.15147543,0.18410558,0.46072856,-0.3369665,-0.10276979,-0.08659251,0.120717235,0.14982104,-0.18122077,-0.018951619,-1.1760284
-0.1889367,0.087851,-0.5828861,-0.2995404,-0.28935197,0.10705951,0.1258457,-0.16596597,0.09436393,-0.17449442,-0.3583117,-1.0136198
-0.112411715,0.07018028,0.29175532,0.15919238,-0.41588202,1.6814353,0.12778762,0.051758934,0.11986286,-0.3004467,-0.07119248,1.532283
-0.4309216,-0.0817145,0.106468745,0.37175152,-0.5405649,-0.10220479,0.08112303,-0.16050836,0.21684,-0.26118723,-0.12971264,-0.9107686
3.0202491,0.06507534,0.3012157,0.55929404,0.8786189,0.17698811,0.08658389,0.41643593,0.4281047,-0.11091749,0.35299805,-0.6096137
-0.0026419575,0.15791923,-0.3089014,-0.68842775,-0.66131127,0.27507415,-0.032849714,0.0990355,0.04085314,-0.327593,-0.42847583,0.9174953
-0.22039652,-0.19590466,0.2352879,0.24474272,-0.5533006,-0.6250467,0.046648204,0.36930415,-0.43421626,-0.31943518,-0.68786323,-0.4817414
-0.08511798,0.040577684,0.22015901,0.21367475,-0.3408382,-0.06567134,0.1153401,0.12628613,-0.1945342,-0.2387589,0.086088255,-0.32589945
-0.6980313,-0.09418164,0.6119306,-1.4849955,-0.4220503,0.041769695,-0.13648868,0.14617023,0.14047436,-0.26480955,0.06427274,-0.6208786
0.13487044,-0.119112715,-0.4769209,0.7450901,0.7159098,-0.030258728,-0.37717807,-0.27933612,0.10083504,-0.23202647,0.12109539,-0.7236835
-0.51187086,-0.42755663,0.13452764,-0.8612296,-0.3919435,-0.11693658,0.1123888,0.12290237,0.10483103,-0.22186275,-0.42620972,-0.4866547
0.45125628,0.05535274,-0.18910892,0.98522675,-0.65582705,0.15198374,0.16626906,0.2217922,0.09164881,-0.21004865,1.9484501,0.7564275
-0.0180294,-0.13552794,-0.24887432,-0.1296862,1.1036205,-1.0182985,0.09815764,-0.30621082,-0.0021977741,-0.16766135,-0.58711344,0.9062602
-0.08784763,-0.070110984,-0.10587101,0.34313908,-0.25471294,0.26633608,-0.17423083,-0.115862116,0.29652363,-0.26298875,-0.05400888,-1.2216215
-0.09210037,-0.09381123,0.03077667,0.3926703,-0.42867538,-0.06758263,0.13402715,-0.22473155,0.19696638,-0.23907776,-0.20688781,-0.36548114
0.06713447,0.26027542,0.036017668,0.10688374,0.41130883,1.0676099,0.12577744,-0.15959775,0.22332944,-0.2042633,-0.10392489,-1.0147066
-0.14161225,-0.04967329,0.033686515,0.33827892,0.45882696,-0.06755002,0.016239818,-0.5697614,0.24656075,-0.27075467,0.10949758,-0.4994235
-0.6454009,-0.14976063,-0.020351725,0.11449346,-0.40229878,-0.09476074,0.08634226,-0.15748468,0.17617396,-0.2593482,-0.15217984,-0.3533279
-0.102530755,-0.14722572,-0.56066597,0.14307916,-0.9677495,-0.52527165,0.06501224,0.06521457,0.096911855,-0.23163472,-0.16049582,-0.37507942
-0.4322062,0.22779153,0.2170276,0.15966773,-0.5359762,-0.10602094,-0.087028526,0.17430776,0.17797178,-0.22293653,0.23783031,0.48103678
0.11852921,0.52938294,0.30320978,0.2865283,1.3762687,-0.17050257,0.25181282,0.018066216,0.16524364,-0.22926645,1.5881205,1.2237258
0.0062859645,-0.06782429,-0.10098524,0.21005665,-0.5003918,-0.07991957,0.013563585,0.07524745,-0.17657025,-0.20122562,-0.20321493,0.42712256
-0.5303487,0.14963944,0.2450773,0.39607587,-0.22050546,-0.44017074,0.045893773,-0.15071249,0.12344526,-0.29327106,0.26796713,-0.98290914
-0.18852872,-0.13439573,-0.0045989077,0.13233273,-0.14923523,-0.015846578,0.04039108,0.12678403,-0.19922099,-0.24624334,-0.2212318,0.16963539
-0.0460159,0.050728146,-0.1511816,0.13219638,0.8899595,0.11066634,0.11520602,-0.056258734,0.049954496,-0.31540346,-0.34169576,0.72244406
0.061569467,0.60729617,0.19582815,1.4094416,1.2406719,0.27867028,0.19252859,0.058832068,-0.029552875,-0.2766218,0.02589126,2.9262054
-0.12204393,-0.19226743,-0.082556896,-0.07322771,0.9199667,-0.028688082,-0.2713018,-0.19784257,-0.18687595,-0.24824359,0.52721894,1.1991913
-0.463663,-0.032700773,0.23122297,0.09873315,0.87991875,0.086546615,0.013431018,0.11617177,0.114628024,-0.19012506,0.30414167,1.8152027
-0.30222622,0.0134868445,0.1300044,-1.2650017,-0.5758482,-0.6765031,0.09599755,-0.24978188,0.15181278,-0.24355473,0.10798978,-0.62439305
0.024670232,0.11105444,0.25630164,0.39678726,-0.19223854,0.5144005,0.36230358,-0.18169478,0.111801036,-0.2362386,2.8306284,0.74253875
-0.08484918,0.064753115,-0.15670125,0.37913013,0.76614034,-0.09776454,-0.029796606,0.12690216,-0.24195464,-0.18635076,-0.17057987,-0.67806035
0.40406585,-0.11242212,0.032989986,-0.096223414,-1.2794092,-0.08734559,0.21005967,-0.2327181,0.061846014,-0.31323326,-0.6787926,-0.7460473
0.81464964,-0.038668424,-0.46829823,-0.23697633,1.1417364,0.26576257,0.13612552,-0.4135549,-0.5504282,-0.15154779,0.81165355,0.8934735
-0.30101293,0.12689498,-0.06717879,-0.69691324,0.5523597,-0.05124102,0.15406811,0.10254173,-0.26453164,-0.21362099,-0.05959992,-0.67569137
-0.46445778,-0.028425971,0.1696716,0.25355795,-0.5941905,-0.12238432,0.11397206,0.38353124,-0.21918729,-0.28984246,-0.20611759,-0.29433948
-0.09445136,0.079114705,0.26860556,-1.094904,-0.5844794,-0.17398728,0.04974535,0.052905634,0.15872525,-0.24608126,-0.1198168,0.7810993
0.057573088,0.06735129,-0.007335648,0.15314859,0.8169818,0.015829882,0.09736621,0.13881917,0.16780241,-0.27845818,-0.2099573,0.6480951
0.0018651523,-0.14912045,-0.017170126,-0.63155437,1.0063171,0.026282156,0.19341469,-0.1778602,-0.12538484,-0.11015895,-0.07464792,-1.7941811
-0.0018699989,0.12690417,0.018990008,-0.279244,1.0522248,0.010963969,0.0024432484,-0.16930823,0.13189107,-0.13229787,0.03618921,-0.7303597
-0.041795675,-0.06677688,0.32898813,0.0062809503,-1.285904,-0.110069804,-0.026467618,0.018162144,0.057192862,-0.26357034,-0.17413124,0.29411396
-0.7959303,-0.06834023,0.20903343,-0.024821175,-0.68094486,-0.17848444,0.080798656,0.034370277,0.07813672,-0.23307456,0.6498161,0.35089782
-0.2923118,0.12690167,0.037674233,-0.102077596,0.110231765,0.03721437,-0.17990407,-0.7161821,-0.40075305,-0.24982943,-0.21041434,-0.9153413
0.063263565,-0.05008063,0.13557476,0.41901895,-0.27991167,0.043392375,0.14923401,-0.1608964,-0.2794565,-0.19284178,-0.14864188,-0.92415607
-0.29599655,-0.17038518,-0.09717006,-0.31448105,-0.3134154,-0.082581505,0.12074503,-0.02417653,-0.18944663,-0.14594027,-0.12979971,-1.3729179
-0.43320972,-0.12769116,0.0058395723,0.20380484,-0.37996948,-0.11392588,-0.084579565,-0.3687455,0.10855317,-0.2354199,0.04890685,-0.56378824
-0.25924984,0.104558915,0.27989113,0.272538,-0.3800694,0.02011336,-0.02673893,0.1780401,0.18926162,-0.2616854,0.14387675,-0.5402334
0.03698374,-0.06796376,0.058845855,-0.681208,-0.44376484,-0.78756195,-0.118828975,0.01830681,0.08957723,-0.2583781,-0.08776071,0.8132936
-0.59268206,0.0013454289,-0.013950256,0.03119352,-0.4278686,0.49936265,-0.08752045,-0.50207514,0.05011122,-0.34448302,-0.17707972,0.22573563
-0.62517166,0.10133177,-0.03283422,-1.0471486,0.509386,0.002667375,0.08496441,-0.52226496,0.10090597,-0.19612719,-0.0066566016,-0.8384492
-0.70234877,-0.058999967,0.24529737,0.2179072,-0.6135217,-0.085310504,0.0061201677,0.08313101,0.10469111,-0.27733213,-0.13903773,0.7553175
-0.31298104,-0.039609242,0.32667434,0.12503873,1.2340715,-0.038113814,-0.07046513,0.076689236,0.21074992,-0.2997554,-0.3169529,1.2493008
-0.091706805,-0.00079039426,0.05984764,0.05688219,0.5726339,0.17009105,0.100273535,-0.250494,0.2085293,0.26972508,0.03632418,-0.7391942
0.05694747,0.19199681,0.18958627,-0.6463927,-0.9765074,-0.2873064,0.39180887,-0.34273645,0.15153734,0.38282612,1.4734622,0.8318141
-0.10012846,0.20664214,-0.1455949,0.31663027,-0.6772937,0.9744015,0.18805702,-0.24485026,0.12759386,0.36378977,-0.24635625,-2.1601691
2.4857512,0.14651069,0.24093531,-0.16364829,0.947903,-0.024831973,0.047594216,-0.29165378,0.3868554,0.30438706,0.1992064,-0.22148594
0.22307989,0.047981776,0.15859994,0.46380568,1.2898351,-0.27098307,0.090580374,-0.33193856,-0.22622901,0.29264805,1.508416,1.5117033
-0.73430365,-0.11819709,-0.16453435,-1.6239189,-1.1134732,-0.2721911,0.19564247,-0.38296527,-0.21741973,0.35935223,1.0064224,0.5414275
-0.12621798,0.24537411,0.8404577,0.44027033,-0.23750883,-0.017781502,-0.17356265,-0.27684614,0.2310455,0.4029615,-0.2063309,-1.5911887
-0.26476586,-0.15853266,0.1975548,0.14305896,-0.6835227,-0.13624933,-0.06940368,-0.385274,0.12121773,0.2155958,-0.13762856,0.3545571
-0.1830171,0.13822366,-0.16858023,-0.70137715,-0.43219066,0.1317946,0.086122595,-0.21402025,0.04332925,0.31616113,-0.16387361,-0.89155906
-0.34347796,0.0060964124,0.10714817,0.13645129,0.918267,-0.04540287,-0.0715315,0.19341701,0.072110355,0.30854902,0.15144187,-0.89526457
-0.060181927,0.08493366,0.14790295,-0.090971105,0.6051661,-0.08017165,-0.13235885,0.02892431,-0.30320454,0.38721082,-0.25706896,1.0445864
-0.33274028,0.052101757,0.20177792,-0.71909255,1.3158844,-0.06991226,-0.06349577,-0.08583069,0.14885011,0.34004083,-0.23020415,0.91073215
-0.11956256,-0.002523637,0.2012532,-0.05433659,-0.5931935,-0.036095563,-0.1182393,0.058340993,-0.18780027,0.49377528,0.13094267,0.86233974
2.4326975,0.078313835,0.20258747,0.42710394,0.64884603,0.09241363,0.25228167,0.38145387,-0.43684497,0.24098113,0.3313727,-0.9563502
-0.21308975,0.10108517,-0.22376657,0.03912338,-0.52615213,0.35671917,0.08350811,-0.4657519,-0.15598103,0.48133898,0.58985883,1.1327511
0.014431639,-0.08221346,0.042477854,-0.08806245,-1.0074002,-0.20371772,-0.013178184,-0.27479312,-0.09685367,0.38750878,-0.2809082,0.39188984
-0.6108921,0.07296225,-0.07274527,-0.4179694,-0.25035718,-0.08408607,-0.08868453,0.050407033,0.13971405,0.38107985,-0.08419037,-0.54367703
-0.15431468,-0.2602211,-0.00629995,0.23777,-0.51626915,-0.10840342,-0.06305458,-0.2820804,-0.30140048,0.28650838,-0.3597238,-1.6277329
0.09943399,0.4089506,0.42844203,-0.05754757,1.5278558,0.29423496,0.057086006,0.33959773,0.1617548,0.3184005,0.18267632,-1.4431341
-0.08052038,-0.02680087,0.06833107,0.011752866,1.0644891,-0.022298736,-0.2453631,0.2089664,-0.3301648,0.15003718,-0.37372327,-1.3269328
-0.24142142,0.13787737,-0.6480447,-0.72319394,0.45056185,0.081758104,-0.07001383,0.124413446,0.058667105,0.22706658,0.05686959,-1.7521236
-0.09999557,-0.030103358,0.18882795,-0.22298424,1.2644721,-0.08303065,-0.0860977,-0.3147893,0.14760445,0.36430767,-0.40305883,1.0850898
-0.10610826,0.20534867,-0.6561903,0.34405473,-0.33562863,-0.0955341,-0.029373381,0.16717383,-0.021540873,0.3220245,-0.3287503,-2.026246
-0.098587856,0.08060665,0.013377787,0.21237138,-0.13580248,-0.13443069,0.19485772,-0.25095516,-0.2155085,0.33931386,-0.4398503,1.0721118
2.825395,0.2083602,1.1294762,6.0397816,1.8291857,0.20247847,0.20687114,0.70891714,0.357848,0.36488327,0.40287408,1.2756803
-0.10172553,-0.06857979,-0.07572198,0.051097933,0.7914026,0.16624843,-0.06507691,-0.22592804,0.22709918,0.21476102,-0.102159895,-0.79341865
0.7751911,0.0399932,-0.14166418,0.12270889,0.6508929,0.05385133,-0.084803365,-0.313001,-0.47865346,0.23211667,-0.076954946,-1.2622459
2.077777,0.18709293,0.2946333,0.4917298,-0.15568008,0.004263749,0.12260469,0.3613966,0.40418938,0.18109073,-0.113604456,-1.2125987
0.17956321,-0.087027244,0.00448672,0.38280988,1.0044665,0.10412309,0.19937283,-0.2754146,-0.24717022,0.20787817,0.087942526,-1.222363
0.977661,0.11436845,0.1558923,0.063358806,1.1080328,0.018381419,0.04501383,-0.17528571,-0.25637436,0.30126563,-0.00539006,-0.55880094
-0.18365969,-0.22568361,0.099533886,0.018333348,-1.1408316,-0.088763125,0.13250093,-0.31277728,0.10872583,0.21882567,-0.26622233,-1.2050624
-0.007596774,-0.020080928,0.27475888,-0.6350334,-0.7813671,-0.12238596,0.019573504,-0.24065427,-0.44850785,0.33371267,-0.34103447,0.84508955
-0.39911804,-0.15755647,-0.05002409,0.45325935,-1.0590761,-0.7214062,-0.24327534,-0.015095972,-0.26007593,0.36719024,-0.17042592,1.3577621
-0.064528465,0.12007617,0.10328154,-0.5184721,0.98839694,-0.052147504,0.09425053,-0.18495542,0.197854,0.21824473,0.1187688,-0.8453974
-0.03586733,-0.10608721,-0.1516877,0.07062355,0.7356249,0.0042741364,0.029191118,-0.14843008,0.0072057024,0.45305288,-0.1910664,0.50249
0.39911717,0.12549241,0.1093566,0.9654415,1.4650973,-0.05695908,-0.08967645,-0.29265803,-0.07659975,0.42823276,-0.17596896,1.9694041
-0.045992192,0.38670138,0.078053914,0.49843317,-0.3676138,-0.05849338,-0.08751529,0.20180467,0.27588877,0.40076292,-0.29756188,-0.655587
-0.11913396,-0.030044619,-0.62509847,0.20259778,-0.4503408,0.122409716,-0.066510685,0.07979709,-0.11625003,0.274823,-0.10325186,-0.6451187
0.034620833,0.01047692,-0.581328,0.86700314,0.6206297,0.35775134,0.4007255,0.120488994,0.19056813,0.56751513,-0.27813435,1.4576443
0.13023652,0.018928397,0.26802808,0.27407923,-0.60969186,0.38073763,0.11531946,0.10356056,0.07279619,0.4105323,1.5071887,1.0107546
-0.32341647,0.045451287,-0.7032758,0.35042632,-0.50641733,0.10866239,0.10843703,-0.34645835,0.11362543,0.31970128,-0.09735793,-0.8682477
-0.10820003,-0.08206102,0.17049906,0.2575582,-0.8966109,-0.06637774,-0.1010767,0.083096534,-0.08864622,0.3149732,0.13636161,-0.6392296
0.009028452,-0.13617314,0.15538898,0.09905699,-0.6211484,-0.13660665,0.10839834,0.101509325,0.13788365,0.41568568,-0.5085295,0.9013836
1.0480759,-0.05261733,0.08131395,0.02131368,1.7176583,-0.016444506,0.021544183,0.61398035,0.15406154,0.21488011,0.544775,1.5741541
-0.011682129,-0.10486914,-0.75973636,-0.7603158,-0.6972459,-0.10643944,0.037847042,0.14498927,-0.14057118,0.42531678,-0.3237485,0.73608124
-0.20123237,-0.25427723,0.2889072,0.22013015,0.6352365,-0.114697464,0.017982334,-0.25595972,-0.26364318,0.3171945,-0.3355048,-1.6772203
-0.07944173,-0.090124145,0.074730754,0.21236174,0.6496183,-0.075823404,-0.02096831,-0.18945076,-0.21744965,0.3209333,-0.1279544,-0.51572627
-0.022655474,-0.19091876,0.08684425,-0.34830615,-0.33674228,-0.1491726,-0.051707916,-0.2124882,-0.22939675,0.47521618,-0.27321765,-1.9439408
-0.5412288,0.234761,0.14333092,-0.76299226,-0.29122055,0.5482069,0.25350335,0.09330743,0.10419392,0.45168167,-0.2531889,1.3521372
-0.026854478,0.020973403,-0.34981203,-0.023734855,-0.38318783,-0.079444066,0.05877904,0.05882642,0.07868288,0.3909275,-0.43674204,0.33444056
0.070101,0.19047914,-0.006864348,0.26344633,-0.06271291,1.3856283,0.17606905,-0.21773759,-0.19263293,0.48852238,-0.20341611,-1.3362087
1.407984,0.04204469,0.058989882,2.5896285,0.74265754,0.17596029,-0.08877126,-0.2782084,0.33408096,0.27937895,-0.25620547,-2.249318
-0.056056835,0.1599329,0.10553058,-0.87643796,-0.28390607,-0.09282399,-0.081670955,0.031331018,0.10604038,0.39088273,-0.19566242,1.046954
-0.18024197,-0.43225658,-0.023109479,0.35342595,-0.39142728,-0.0790509,-0.26516822,0.041494265,0.16076285,0.25069866,-0.6168327,-2.4702346
-0.12975195,0.024803892,-0.57888556,-0.1094675,0.5446249,-0.07201464,0.15710002,0.11630212,0.19220892,0.30327764,-0.16221966,-0.98249817
-0.113411576,0.019084495,0.12870488,0.06448704,-0.36240223,-0.07205086,0.15422273,0.06481977,0.18510014,0.2977691,-0.046518903,-0.66956145
-0.50292534,0.024882864,-0.0788935,0.13015273,-0.4625997,-0.026839588,-0.05535765,0.067128085,-0.072147936,0.32915598,-0.15942673,-1.3095754
-0.40685207,0.21634842,0.2442794,0.2220049,-0.42664918,-0.07871109,-0.07851797,0.09124369,0.147684,0.37336454,0.071031176,-0.38413277
-0.032898422,0.0610099,0.13473214,0.18294728,-0.23768371,-0.1366128,-0.066385135,0.04204205,0.10237176,0.42887482,-0.08845998,1.1536509
0.9468733,0.018118436,0.118302554,0.2411672,1.1012886,0.03694316,0.2020103,0.30054516,0.26393926,0.21259885,-0.021765742,-1.16866
-0.2175631,0.022734646,0.038731936,-0.72308296,0.6192134,-0.055139408,-0.09326338,-0.24723099,0.19526829,0.23345785,-0.2659342,-1.4705365
-0.0008074008,-0.08753598,-0.15388234,0.06038895,-1.0229175,-0.08075662,0.06720524,-0.25864926,0.04758024,0.34107608,-0.36746913,-0.45045757
-0.2673894,0.041338217,-0.60899526,-0.21090122,-0.32362452,-0.2057403,0.050991394,-0.31716922,0.07131379,0.28266355,0.8789301,1.1447965
1.041001,0.027100774,-0.30844808,-0.4253046,0.62602943,-0.027273562,-0.3617868,0.019090569,-0.49083832,0.21557194,-0.2024084,-1.391632
1.7735189,0.59472805,-0.5092077,0.4265855,-0.008568515,-0.030265415,0.22211297,-0.035969093,0.18638724,0.5262921,0.24829797,-0.8233008
-0.029870301,0.13396198,0.12023188,0.17286861,0.76255107,0.1213356,-0.080365196,-0.27413407,0.11781231,0.33769178,-0.21909495,1.3652047
-0.55472845,-0.13014315,-0.22239594,0.12984347,-0.68502676,-0.12721078,0.14314722,0.006636761,-0.07214436,0.40909636,0.022397026,0.7151968
0.09631611,-0.09978221,0.19562955,-0.13481584,-0.63858527,-0.0880144,0.05332617,0.058784608,0.14959216,0.36674356,0.7751904,0.8849144
2.1464121,-0.08014299,0.15929416,0.6985996,1.2154291,-0.0034704332,0.19226582,0.5546328,-0.36797756,0.22307974,-0.17710933,-2.4075198
-0.069615774,-0.6322554,-0.19756348,-0.32339567,0.56890893,-0.10759612,-0.15337402,-0.28486535,0.23683909,0.30258113,-0.04871888,-1.1621709
-0.16548422,0.11475925,0.0505167,-0.17457446,0.65161437,-0.12800997,-0.22733408,0.12539788,0.26811883,0.31333715,-0.20469451,-1.3782581
-0.33570477,-0.18411042,-0.20634884,0.15203747,-0.9500553,0.27783808,0.07430319,0.13308093,-0.10948206,0.42524117,-0.030825196,-0.8099385
-0.17824334,0.07420706,0.20884563,-0.86365044,0.8943123,0.007915888,-0.0589255,0.021173049,0.10145477,0.4750573,-0.33546492,0.88674766
0.12634015,0.115907855,-0.06600203,-0.10995154,0.6570743,-0.017223136,0.13261849,0.16095288,0.065344185,0.4524048,0.12366236,1.6671896
-0.5306673,-0.058288403,-0.49538094,0.24511631,-0.37849438,-0.07244368,0.08019811,0.10021422,0.15898627,0.30499542,-0.078199856,-0.40880772
-0.030827448,0.112362355,0.2980789,0.36216775,-0.24292618,0.24429224,-0.40206417,-0.41586217,0.026609454,0.26148888,1.0401533,0.8609339
-0.040659953,-0.36152908,0.11719768,-0.9375661,-0.520207,-0.1098389,-0.1553555,-0.28524926,-0.29059634,0.51449776,-0.14820871,1.0630561
-0.24587925,-0.1290447,-0.87615895,0.8638067,-0.68290883,-0.07510561,-0.19497004,-0.2517415,0.056465574,0.23123404,-0.17933875,-2.7126036
-0.13599958,0.040756986,-0.560723,-0.38044176,-0.85360104,-0.09123813,-0.045541853,0.10335641,-0.10698811,0.46343645,-0.1901666,-0.6088722
-0.47176373,-0.059388667,0.10306924,0.23016128,-0.49196416,-0.1048509,-0.083711594,0.07422323,0.22074975,0.3337497,-0.04105854,-0.6843029
-0.4742194,-0.05399415,0.11864261,0.2254622,-0.36757076,-0.050167054,-0.0929673,-0.24653319,-0.16460669,0.36504972,-0.044146404,-0.6369882
-0.12556426,-0.1954269,0.28787088,-1.1219255,-0.99655694,-0.0882078,0.07600027,0.08210028,-0.30164558,0.3447684,-0.06206012,-1.3180344
-0.37850264,-0.3337388,-0.0073668314,-0.033265762,-0.7017581,1.0836562,-0.042295016,-0.1069281,0.14956456,0.4996311,-0.20415953,-2.2023194
0.53923833,-0.2863802,-0.6233435,-0.25580606,0.64157283,0.019722937,0.11964404,0.21751493,-0.30936727,0.19862238,0.1548535,-2.227449
0.12007722,0.10196503,-0.45780817,0.178481,-0.43041617,-0.05020494,-0.0883091,-0.27928865,-0.16712663,0.32731432,0.07004316,-0.8880724
-0.029304475,0.05595866,-0.21524356,-0.54230624,-0.33896407,0.37983537,0.19882369,-0.2330753,0.14050452,0.37787437,0.05598185,-0.43265042
-0.07532952,-0.12173191,0.16013743,0.370889,-1.0409303,0.11467192,-0.08525998,0.050846852,0.19840929,0.35177386,-0.16693084,-0.28669855
0.9408227,-0.1458255,0.0953278,0.14985014,-0.6805633,-0.09655428,0.13960722,0.14880541,-0.3770185,0.17395674,-0.035966333,-0.7613411
-0.12128591,-0.07132234,-0.61043274,0.70275134,0.6133022,-0.0698383,0.19863428,-0.31000635,0.16359347,0.27358785,0.7327405,-0.9380494
-0.32038468,0.04320734,-0.06642661,-0.67748135,-0.19208719,-0.09375904,0.18076001,-0.060085956,-0.1951437,0.35092545,-0.47276503,1.0578369
-0.20474213,0.112314634,0.12084028,-0.7591223,-0.4353237,-0.08353706,-0.08705971,0.053280495,0.17878509,0.21792121,-0.2790299,-0.47976074
0.97603416,-0.073550105,0.72563523,0.55189687,2.1252491,0.4232006,-0.0664515,1.0893369,0.3668332,0.29512274,0.17540221,2.8297246
-0.19275886,0.36047202,0.013790067,0.07903861,-0.24431834,-0.08529363,0.044926587,-0.3036659,0.20871955,0.28411633,-0.25020173,-0.7840461
-0.034255754,-0.3071652,-0.06933999,0.13704248,0.60328096,-0.16043104,-0.13418615,-0.3443953,0.2108496,0.4151194,-0.11747972,1.1216264
-0.3158111,-0.37061554,-0.34703007,-0.8173874,-0.3529001,0.098644964,0.06409235,-0.32229197,-0.19034487,0.40877068,0.10998372,-1.5806819
-0.21402204,-0.04214939,-0.024058262,-0.40248948,0.8330586,-0.03525035,-0.09427328,-0.23796448,0.21076876,0.21520795,-0.2860815,-2.0176506
-0.42708,0.042169675,-0.5359328,0.28722566,-0.37561125,-0.104387574,-0.039136086,0.18205404,-0.026146725,0.41418132,-0.03453593,-0.39534125
-0.025477313,0.15300003,-0.061117053,-0.7311608,-0.58760655,-0.10560771,0.04885393,0.11707176,-0.25707853,0.40111953,-0.2026756,0.31525385
0.08031727,-0.15551022,0.18802336,-0.62884104,-0.86135167,0.15687118,0.02408373,-0.3859082,0.03623003,0.31679025,1.4860682,0.33529907
-0.11585655,-0.037114054,0.085426636,0.77702,-0.30931658,-0.10087069,-0.10594649,-0.27498007,-0.2581872,0.3784538,-0.30310124,1.1131835
-0.2530657,-0.031551067,-0.30733192,-0.36018407,-1.097954,-0.10424706,0.10590139,0.08499549,0.056192264,0.23907013,-0.105957195,-1.9455944
0.5847336,0.39425328,-0.4685552,-0.07519026,-0.3011422,0.37870234,-0.36899722,-0.46564192,-0.03356545,0.5926579,-0.4028063,0.79375046
-0.07046737,-0.21061563,-0.293147,0.15867089,-0.8777101,0.09823161,-0.029455487,-0.0064453185,0.14045747,0.4104338,-0.08950278,-0.3923545
0.15840895,0.028770007,0.3154664,0.24327625,1.2562104,0.2807501,0.12731677,-0.0420148,-0.23014516,0.30828157,1.5397491,1.9191085
0.59801435,0.094812185,-0.14625241,0.3679675,-0.30336577,0.048186034,-0.25108844,-0.27236155,-0.356915,0.24242681,-0.23762733,0.45714003
-0.41011208,0.15980662,-0.06526465,0.14328045,-0.45859003,0.49186578,0.030693598,0.47336966,0.18886028,0.55766803,-0.03495427,0.58411324
-0.01163449,0.013095723,0.09630794,0.22097124,-0.36938924,0.0884358,-0.105803676,0.06871069,0.20781054,0.31622142,-0.25000545,-0.5847507
0.12177233,0.062008742,-0.049202945,0.17666821,-0.4318142,0.02275876,-0.041939974,0.11606903,-0.12590005,0.34595844,-0.32211104,-1.3483107
-0.10723716,0.022043161,-0.33015546,-0.17131159,0.81353253,-0.03852848,0.18709372,0.0029774946,-0.36584893,0.29019782,-0.05237671,0.36659235
-0.58392584,-0.17687744,0.19576383,-1.3206552,-0.93757147,-0.64970255,0.09429393,0.013121709,-0.032222323,0.5427393,-0.1181181,1.0318322
-0.014295552,0.11118595,0.055077128,0.14304851,-0.5417984,0.5802286,-0.043388966,0.32931587,0.07629605,0.43199548,0.1167003,1.7198062
-0.22179815,0.07458374,0.0789438,0.048722126,0.71481997,-0.06131961,-0.10169514,-0.24308327,0.15561019,0.24969979,-0.11202659,-0.781558
-0.29219487,0.039733216,0.2612223,0.031526923,-0.66432697,-0.15136063,0.102184825,0.06565454,0.21285288,0.4707975,-0.06365284,1.1822997
-0.40224165,-0.053595424,-0.29693383,-0.7620883,0.88543224,-0.08932492,0.008877341,0.5019203,0.10840258,0.24475308,-0.1693012,1.2444488
0.061082598,0.23510927,1.021066,0.28074116,-0.16500846,0.050567728,-0.047495015,0.27744982,0.19315964,0.46083233,0.07722828,1.2383492
-0.16636974,0.09775962,0.11803224,-0.61343956,-0.47724482,-0.06645858,0.047957625,0.007713942,0.10395696,0.29892528,-0.46751904,-0.5295689
0.10875047,0.18651558,-0.5499454,-0.04219104,-0.8342887,-0.10928381,-0.06471959,-0.021331033,0.16241813,0.6074605,-0.2668789,1.0055487
-0.13993187,-0.003195089,0.110460594,0.13848804,-0.20420837,-0.063873015,-0.08348723,-0.2668097,0.14607137,0.24387848,-0.10934001,-1.1416882
-0.0007689204,-0.006631149,0.5314811,0.1472139,0.7252004,-0.048092626,-0.08085691,0.1797537,-0.22333388,0.6177933,-0.19532369,0.99795383
-0.45024523,0.041982565,0.08695,-0.6332347,-0.62874436,-0.11949998,0.056745935,-0.24632859,-0.07495886,0.23483345,-0.005796898,-0.7225854
-0.016132396,-0.33088443,0.12364479,0.7760513,-0.21117237,-0.06122053,0.1569224,0.15853111,0.2131645,0.49675137,-0.17868733,1.4071467
-0.123625934,-0.056938384,0.6130276,0.3303031,0.8761322,0.0009341107,-0.03353761,0.118219525,-0.2716279,0.3065416,-0.10278318,-1.2481915
-0.17283428,0.11964345,0.0503892,0.010551127,1.1300797,-0.03625197,-0.07228275,-0.23424618,0.366987,0.28582197,-0.104262725,-1.710483
0.01906149,0.12385723,0.15999113,-0.031699877,-0.73714197,0.08050481,-0.107864924,0.06073368,0.21203206,0.3442511,-0.21308552,-0.38052222
-0.05614774,0.022883005,-0.08699495,-0.2978341,0.6558206,-0.039833132,0.015362982,-0.19465818,0.1329743,0.25667223,0.19286996,-0.62646437
0.16930495,0.07841337,0.24047638,-0.6402817,1.4970393,-0.022467913,0.10196775,-0.18809257,0.0028851053,0.2815687,1.0347841,1.22547
-0.55145216,-0.064872935,-0.2920802,0.13149682,-0.504213,0.07070385,-0.29276592,0.059744135,-0.08993388,0.32501253,0.16587661,-0.51769793
-0.37425452,-0.20631585,-1.2124385,0.12073742,-0.82529426,0.94940776,-0.27882582,-0.009027503,0.09007252,0.33796433,-0.02185634,-0.89017844
-0.30829442,-0.09863703,-0.3270944,0.40914363,0.7974824,-0.04176812,-0.34653613,0.008511618,-0.34177995,0.24569753,-0.5766177,-1.3668916
-0.07391067,0.18166159,-0.17426543,-0.018944573,1.0185336,0.14725718,0.15469845,-0.011950286,-0.32071504,0.28650126,-0.16616839,-1.361731
-0.1977801,0.41125035,-0.062883414,0.024754867,0.70495594,0.017125748,0.15947747,0.15967917,0.09103389,0.32857314,-0.09888515,-1.8474218
0.3724767,0.63404906,1.0309992,0.9929283,0.79016376,0.1606894,0.02853642,0.21410319,0.29074797,0.5937421,0.84651196,-0.7106402
-0.32826546,0.062747106,-0.6223331,0.39406988,-0.28941792,-0.053446162,0.08440614,0.13149431,0.2021728,0.28656453,-0.2221567,-1.8095386
-0.13832122,-0.23765656,0.34684727,-0.61281896,0.7181903,-0.058354877,-0.06783428,0.06421336,0.04027358,0.4568352,-0.571025,1.241268
-0.011296942,-0.22465385,-0.25111935,0.3880028,-0.9107916,-0.06514672,-0.033495747,0.025215317,-0.07889324,0.31935573,-0.28632626,-1.4781992
-0.17401613,0.12126475,-0.09062715,-0.7099331,-0.21075448,0.08597057,-0.15949106,-0.22955108,-0.26606056,0.29075077,-0.27468306,1.1861756
0.07600257,0.20325863,-0.14741662,-0.3529965,0.65650177,-0.09993399,-0.14280385,-0.23986833,-0.4964925,0.24107096,0.055225097,-1.68694
-0.01837825,0.13330764,0.7151205,0.26868987,-0.60567874,-0.024816576,-0.059324868,0.14847022,-0.07397272,0.58653766,-0.06274194,-0.6189052
-0.15794322,0.07308325,0.19970435,0.023851344,0.5081242,0.9606709,0.11643505,0.049273446,0.12333028,0.2940022,-0.028143305,-1.01453
-0.02961771,0.071709104,0.15442497,0.20120853,-0.32077956,-0.09614899,-0.05506594,0.028084181,0.16255781,0.3870168,-0.1784242,1.5562841
-0.59858817,0.37553412,-0.058526203,-0.9692487,-0.5794811,-0.21737105,0.10285651,-0.29964238,0.0814937,0.51993346,1.1084577,0.2648888
0.11688528,0.7040488,0.22425796,1.0155205,-0.40642607,0.6079435,0.106387645,0.18287322,0.057383686,0.56219983,0.62422603,1.586881
0.26962656,0.51715225,0.1572705,1.1012856,-0.3479781,1.7910976,0.13183536,-0.1761077,0.033794466,0.45738864,1.0395417,1.6480937
-0.057633776,0.07487882,-0.011547633,0.2275371,-0.8941392,-0.10360728,-0.093826495,-0.29833624,0.1533733,0.3556472,-0.18620974,-0.49557087
-0.28760156,-0.22462529,-0.014228638,0.3053165,-0.926894,0.09679543,-0.16651478,0.0287902,-0.4139447,0.27665603,-0.21645635,-1.234305
-0.002315401,-0.07482309,0.24135315,0.081714615,-1.3055001,-0.16223644,-0.40784803,0.0343734,0.068498634,0.4057328,0.5915094,0.45322174
-0.07751187,-0.07754096,-0.5063293,0.16345704,-0.95803475,-0.07192736,-0.24260885,-0.30586925,0.05382379,0.3660131,-0.025150515,-1.2133459
-0.6733564,0.094241135,-0.17105556,-0.08725405,-0.43469444,-0.16250402,-0.049273163,0.29088864,-0.08449653,0.46121246,-0.10964895,1.2699633
-0.6917723,-0.10616977,-0.34720832,0.22295792,-0.23468497,0.21522509,0.006790396,-0.19611809,0.19265154,0.5713151,-0.109423175,-0.40087846
0.0044688634,0.2703266,-0.5707521,-0.8311631,-0.70190626,-0.09495379,0.3986397,-0.2543114,0.0959438,0.39317167,0.94199526,0.77075326
0.09805887,0.050103728,0.45627093,0.22182703,-0.4882513,-0.22453648,0.13848305,0.13008828,-0.1541045,0.5327315,-0.11781093,1.2948229
0.101033024,0.08305938,0.42632416,0.46559435,-0.47511932,0.03279776,-0.016508186,0.10480202,0.36021924,0.3613932,-0.108756565,-1.6331464
-0.11566181,0.057277616,-0.62480366,0.085171595,-0.59239334,0.5285613,0.073884465,0.047916736,0.038791593,0.5409014,-0.19883929,1.0516635
-0.14858568,-0.10814051,-0.48526573,0.19862916,0.706693,-0.057923786,-0.03377838,-0.29571477,0.2299876,0.25658408,-0.29622623,-1.932584
0.72810495,0.061319802,-0.7138113,-0.33794737,0.9004922,-0.0980587,-0.6661624,-0.40683907,-0.84290665,0.32443684,-0.19843562,0.94545496
-0.251552,0.22175547,0.09616779,-0.70397544,-1.0082455,-0.11495963,0.09296245,0.18569101,-0.086874835,0.41070032,-0.30691314,-1.3161913
0.15289932,0.27178448,-0.09625986,-0.33022743,0.73729116,0.16938858,-0.27270272,-0.30651662,-0.46933547,0.26098052,-0.45340902,-2.4087138
-0.07313831,-0.07854155,0.062619984,0.09547715,0.8093648,-0.06283467,0.13783386,0.67323,0.14454076,0.2818059,-0.035500195,1.663285
-0.50539315,0.101294026,0.009390349,0.22132444,-0.36789986,0.3876121,0.43188664,0.9293713,0.12534337,0.49396247,0.974334,0.529655
0.034216903,0.08304182,0.20100147,0.12876704,-0.6126611,-0.14866999,0.056848593,-0.3574943,0.09653292,0.42392296,-0.48789936,1.1231314
-0.07903684,0.3802468,0.0043876832,0.50029945,-0.19570935,-0.059888437,0.07056385,0.1335498,0.22923057,0.30334514,-0.15546823,-0.8456239
-0.067966126,0.5236844,0.49035358,-0.22159372,-0.32528248,-0.027862765,-0.00016302755,-0.24427494,0.41688332,0.5737918,0.08246037,-0.54296696
-0.15245125,-0.03642077,0.22792634,-0.3615838,-0.62874234,-0.10134033,0.046992555,0.13650358,-0.17983212,0.5765361,-0.24896179,0.9809388
-0.19784468,-0.07483815,0.1627855,-0.72306633,-0.6442089,-0.11918559,-0.087443516,0.047661215,-0.04091723,0.34248173,-0.10806537,0.28742468
-0.5986189,0.1002075,0.096312106,0.28300527,-0.63168406,-0.17221431,-0.09320862,-0.30401623,0.12388983,0.37237743,-0.03184146,1.0620149
