FD,SCI,CO,PPI_SUM,BF_Ex,BF_Ag,BF_Co,BF_Em,BF_Op,Gender_male,MonthsInJob,Age
1.5930437,0.45280018,-0.0041514058,-0.00024051685,-0.18234392,-0.12340153,0.10801329,-0.2526396,-1.320636,-0.12591004,0.569626,1.3946099
-1.1156461,0.1605953,0.9634181,0.58162105,0.008072307,0.9392505,-0.43099278,0.016561603,0.37998393,-0.13758548,0.079271674,-0.24362178
0.4078077,0.5815648,-0.15659079,0.7227118,0.5795111,-0.3600544,0.6516855,0.16653068,0.24475949,0.014994012,-0.16323727,-0.84584004
-0.43253073,-0.6033645,-0.024173968,0.22611707,0.1749484,-0.2581957,-0.48801222,-0.007307327,0.13968335,-0.17801458,-0.9147344,1.2067993
-0.86238366,0.016224524,0.39782873,0.9731439,-0.014392719,1.4947172,-0.2619177,0.29197162,0.10905313,-0.15721588,0.5794939,1.7985141
-0.1943355,-0.13710648,-0.68014956,0.54714227,0.333057,0.2365959,1.0677599,0.21852304,0.2897839,-0.17213905,-0.40001044,1.7876503
-0.38797578,-0.18897626,-0.23168787,0.48734865,-0.25884548,-0.42145336,-0.51278806,0.0069984505,0.24653251,-0.17228535,-0.29096532,1.1595563
-0.36693868,0.1140172,0.7306783,0.73590183,-0.08807202,0.72800905,0.19920339,0.10952873,0.3505222,-0.049984932,0.14751802,-0.31470802
0.4491548,0.90322137,-0.1117381,0.78082573,1.3883688,0.6169581,-0.6733267,0.17666556,0.2690193,-0.047224432,0.19884722,-0.6435999
-1.5496832,-1.1007901,0.16715983,0.16179281,0.0077499384,-0.39582744,-0.1636324,-0.7264565,-0.0056767017,-0.07411679,-0.12098221,-1.3985461
0.38522136,0.6900665,-0.045645453,0.7021323,-0.41053703,0.43871108,0.8496746,0.14232399,0.2826424,-0.078262374,0.07686824,1.2656016
0.52481353,-0.24710113,0.26872057,-1.451931,-0.028603772,0.05236325,0.120360956,-0.09813161,0.24277271,-0.14477567,-0.47912425,1.2665871
-1.0133901,0.054655332,-0.18504858,0.95927113,-0.16525304,-0.36075193,0.32353365,0.06440755,0.24799652,-0.023282615,-0.1879372,-1.137467
0.3681382,0.45083764,-0.24455705,0.25048625,0.20575856,-0.41422838,-0.60633683,-0.09802997,0.36908516,-0.23944771,0.19529495,-1.1064743
-1.0557084,1.2323599,-0.25538704,1.332246,1.4032869,0.6848846,0.33942324,0.09324733,0.33250102,0.025798123,0.0043118456,-0.3917017
0.66626453,0.11849994,0.20043668,0.48840514,1.6917698,0.17541575,0.687636,0.1915472,-0.47418293,-0.071621284,-0.7910616,1.3136859
0.4858827,2.50265e-05,-0.20282127,0.78425336,-1.0025414,-0.13993286,0.13603994,-0.07216651,0.37084323,-0.110666625,-0.13847828,1.1567814
0.48165867,0.79841,-0.18710919,0.7939877,1.2542757,0.3950051,0.2530002,-0.26913765,0.18923411,-0.10429453,0.15182637,1.1190499
0.5936365,0.41515172,-0.7300225,0.77828,0.053767063,-0.95641625,-0.56747985,-0.5776942,0.22306256,-0.15667318,0.26708215,1.1200049
-0.26481983,0.47689402,-0.1882881,0.8942753,-0.22998123,-0.4091097,0.3610956,-0.25731307,0.26515058,0.026762981,-0.28691232,-0.65822417
0.4063616,0.45585632,-0.14264435,-0.794331,1.2487447,-0.45657915,0.26956725,0.25925717,0.32864052,-0.14688109,-0.66185945,-1.0944495
0.38598365,-0.03458521,-0.31233677,-0.2339122,-0.025893627,-1.9788747,0.03996984,0.00040542474,-2.2052436,-0.07756306,-0.92760146,0.96989334
-0.81050074,-0.56398416,0.5161948,0.073489666,0.7438001,0.20276976,-0.87965244,0.1370993,-0.44816646,-0.25020275,-0.4271691,-1.8292778
0.50678045,0.50533634,0.08352191,0.7714468,1.3244343,-0.28123227,0.3486398,-0.24271333,0.30067158,-0.09594678,0.2144197,-0.8141279
-3.2184722,-0.48561478,-0.25848344,-0.147419,-0.3108567,0.7380179,-0.36268666,-0.13092351,0.08535682,-0.26005754,-1.2229006,-1.894914
-0.24207349,-1.0580047,0.64569247,0.14521831,0.6312349,-0.19601281,0.49887753,-0.018297823,0.23375687,-0.22086626,-0.055124946,-0.9667472
0.63869005,0.09747638,-1.231722,0.9287647,1.2035806,0.86737293,-0.45897207,-0.000719402,-0.75417614,-0.1013233,-0.06019312,-0.4748887
0.6094763,0.44173956,0.12477775,0.6630141,-0.018503847,-0.3779011,-0.46031404,0.059492536,0.37030664,-0.11676066,0.12174956,-0.8165732
-0.21401158,-0.38038355,0.8133801,-1.7046636,-0.5243547,0.70271474,0.31376255,-0.07054068,0.31152448,-0.13610232,-0.059305776,-0.82485986
-0.41315505,-0.45490882,-0.110485256,0.603464,-0.16353129,-0.36316267,0.3311427,-0.5303313,0.2803682,-0.0026665248,0.044514805,-0.46658927
0.41365242,-0.102155104,-0.17080842,-1.654784,1.1256897,-0.19754867,-0.5802258,-0.056222744,0.31167555,-0.16525923,-0.24621092,1.238192
-0.33837992,0.947903,0.0390276,0.6925511,-0.6918935,-0.17688438,0.8165319,0.1534136,0.23576224,-0.08350369,0.45039257,1.4560857
-1.9672858,0.85316557,-0.09232654,2.698406,-0.3571312,1.0316365,0.48528647,0.47271428,0.3640373,0.016943872,-0.2320332,-0.37223727
0.39124233,0.08409296,0.057584647,-1.4855119,0.52699715,0.18067755,-0.4500756,0.0026084702,-0.27797672,-0.22629207,0.37284517,-1.0336078
-0.20410216,0.5042349,0.6800083,0.6423261,-0.37172863,0.7291926,0.33425578,-0.22228488,0.2658672,-0.095650405,0.64355415,1.2335662
0.51474994,-0.10378383,-1.1456289,0.6700146,-0.018503316,0.45431218,-0.44843248,0.15488778,0.25895935,-0.0021364652,0.5842683,-0.6689563
0.43832737,-0.13830799,0.037524767,-0.5719045,0.19332328,0.23693353,0.12809429,-0.056959778,0.073845595,-0.13714479,0.321398,-1.1418126
-0.83946794,1.0493381,1.0393541,1.1639322,-0.22175,0.65437144,-0.6357496,-0.19662802,0.29268557,-0.13032748,-0.13676693,1.4431081
-0.36968946,-0.4486311,0.9905825,0.79029554,-0.59485793,0.72104186,0.55875623,0.30549166,0.19611308,0.053693987,-0.095090576,-0.51743287
0.10229782,0.8264821,0.7905618,1.1557046,-0.5951415,-0.38181615,0.95270455,0.18837637,0.26032746,-0.0944706,0.15403906,1.5696962
-0.94930714,-0.46875727,-0.12552513,1.1019638,-0.22169586,-0.28459555,-0.5838892,-0.056488965,0.23642732,-0.15059222,-0.8198537,1.2489495
0.6174292,-0.5826973,-0.10328189,0.7553964,-0.006124245,0.42528996,0.48856112,-0.046792176,0.27991658,-0.12471694,0.6308777,1.0979196
0.40165216,-1.4746845,-0.27371848,0.15392718,0.6277935,-0.122134745,-0.52171385,0.12631771,0.5374984,-0.18751206,-0.12618402,-0.61596215
0.5457893,0.67696,0.67431396,0.8828553,1.1185791,-0.050720595,0.34685588,0.19690199,0.13502175,0.032139063,0.026131352,-0.43703225
0.34878123,0.18659668,-0.26136792,-0.84387404,-0.5318305,-0.25250286,-0.3188621,0.09506226,0.37563267,-0.016596213,0.9346654,-0.26450434
0.49913803,-0.6174226,-0.13803968,0.5824702,-0.7798063,0.27747062,0.7724486,-0.37547168,0.34585583,-0.08324224,-0.846265,1.2366766
-0.4490735,-0.20317559,-0.123560846,0.38588977,-0.93371433,-0.37622917,0.004587286,-0.22360331,0.12671877,-0.16259493,-1.6553915,1.2505292
-3.1119106,-0.4911679,0.8271403,-1.3104577,-0.33910498,-0.9693187,0.6943896,-0.10512378,-0.0993017,-0.055592548,-0.30107662,-1.3806213
-0.8566391,0.6104874,0.62064004,3.3670278,1.0818963,0.2715969,1.293939,0.39159676,0.18601228,-0.0366244,-0.0950823,-1.1937503
0.40594187,0.5009541,-0.034393556,-1.0866102,1.2389042,0.1632893,0.06239588,0.21049424,0.41882008,-0.11446848,-0.22115391,1.2439426
-1.018111,-0.22485708,-0.18661547,0.5101283,0.484804,-0.27998957,-0.5234281,0.11963421,0.2081024,-0.154351,0.043504976,1.2229398
-0.94388413,0.7496498,-0.25488183,0.8636616,-0.24608739,-0.19583686,0.26189896,0.15275927,0.1952995,0.047046695,0.6287135,-0.110860385
0.4715525,0.0041306317,0.4293344,0.31098518,0.008664183,-0.119082406,-0.2111374,0.110824786,0.25448176,-0.065494396,-0.14169626,-0.4476663
-0.17928591,1.2055147,-0.22995083,0.6804713,1.3047125,-0.33872074,0.2880414,-0.8344778,0.10425106,-0.02190148,-0.26239547,-1.1044066
-0.15348701,0.7018143,-0.14407758,0.5930491,0.4318367,-0.07892141,1.4039891,0.011213647,-0.8665218,-0.13275172,0.07607042,1.5898781
-1.0989844,-0.5986335,-0.30235666,1.0155405,-0.5923231,0.38477406,0.16354923,-0.026511818,0.36017764,0.007288643,0.3121831,-1.0219517
0.19532397,-0.9924931,-0.44778174,-1.7113987,0.700536,-0.18286481,-0.0523351,-0.9365374,-3.3078046,-0.08502443,-0.30629563,-1.5063461
-0.22403,0.85296196,-0.24464743,1.2094285,-0.5622299,0.4336448,-0.54925585,-0.24322192,-0.17356062,-0.1343298,-0.04174103,1.1792085
-0.37684816,-0.16300532,-0.21123886,0.47355816,-0.22912225,0.23036931,-0.6811921,0.0930055,0.3174625,-0.20879793,-0.2629129,1.0165542
-0.38970202,0.1707311,-0.14041014,0.66133386,-0.245263,0.56859773,-0.3144329,0.1656688,0.2561879,-0.0048694983,0.032856286,-0.09442612
-0.63395405,-0.17600365,0.23361768,0.68484837,-0.9912194,0.8713032,-0.50453347,0.10765189,0.35601798,-0.108993046,0.082852244,-0.26500133
-0.24422364,-0.40281087,0.0010318062,-1.6975815,0.32170582,0.31075665,0.7719543,-0.10517485,0.21276444,-0.1759079,0.070126906,-1.3275993
0.6359701,-0.10816674,0.06469364,0.9273802,0.6742007,0.0030951393,0.6619498,0.10201979,1.109551,-0.008574548,0.15416601,0.038736273
0.5170726,0.57247686,-0.23296838,0.7751712,-0.38207138,-0.25813687,0.7159169,0.101277806,0.25190273,-0.08743056,-0.17462122,1.3623449
-0.91429096,0.07213016,-0.21595083,0.6061966,-0.2566241,0.5795723,0.28264138,0.10495753,0.35046986,-0.004652364,0.062347367,-0.8496891
-0.63534904,-0.43751186,1.1362104,0.6297139,-0.7235025,-0.4640318,0.29863912,-0.070642605,0.27518985,-0.08664788,0.14262936,-0.85252565
-0.19325775,-0.6659439,-0.24683364,-0.3499682,0.4035008,-0.13944943,0.10738267,-0.1352096,0.4344264,-0.09110447,0.9017981,1.1434964
-0.29547152,-0.78101784,-0.072519064,0.40641883,-0.44957677,-0.33114693,0.29092503,0.03445739,-0.12859434,-0.104393624,-0.45475155,0.90323186
-0.7614547,0.64139766,-0.10094885,1.0244052,-0.27349913,-0.18323539,0.2140324,0.013072288,0.15179871,0.019289428,-0.20966572,-0.927893
0.463073,-0.11794981,-0.13548987,-1.2869904,0.40075853,-0.15449709,-0.40096867,-0.011199217,0.2560972,-0.11173432,-0.15930401,-0.93937916
0.4729256,-0.43493927,0.2728031,0.73954546,-0.2584747,-0.114307225,-0.41866693,-0.18664517,0.26588473,-0.123938076,0.0076105646,-0.44152546
0.5924109,0.5894257,-0.18174541,0.75633794,-0.42157167,0.32555535,0.79754066,0.06376181,-0.12628731,-0.04399861,0.15154992,0.94165075
0.24829979,-0.21563315,0.25954217,-1.447294,-0.30213323,-0.045735233,-0.43115956,0.043408945,0.27058774,-0.16964912,-0.048724394,1.151517
0.65679485,0.47782922,0.12158857,0.6199422,0.2549883,0.34804505,0.8554847,0.2596655,0.24062468,-0.12366874,0.31239924,-1.0562867
-1.1426234,-0.31261513,-0.22987126,0.37396428,-0.6241637,-0.16099697,0.6772095,-0.028042382,0.3215219,-0.058903575,0.7128214,1.2246435
2.309869,0.20532998,-0.05429182,-0.97626996,0.54011214,-0.11800034,-0.3976409,0.13265209,0.28714877,0.031200757,0.8320372,-0.9099263
2.020951,0.559144,0.37399703,-0.845822,0.4410734,-0.0076860506,0.7032118,0.154064,0.38947824,0.023446117,-0.118331626,1.4644097
0.41151482,0.057028998,-0.15720126,0.1557623,0.6558197,-0.34279084,-0.1571149,0.11692592,0.3111348,-0.05035509,0.087822944,-0.19021957
-1.1061133,0.7648416,-0.13727929,0.86123294,-0.22871612,-0.23115176,-0.59434766,0.041882504,0.40995154,-0.03597094,0.057697944,-1.0447975
-0.9434612,-0.35919788,-0.24272312,0.4684114,-0.09782976,-0.033643767,0.14205444,0.054572012,0.10625928,-0.07542564,0.70428056,0.9741406
-1.2793261,-0.34130827,0.5271176,0.49369368,0.08253865,0.22840671,0.15019692,-0.77038014,-0.029135182,0.009571639,0.44244656,-1.26756
-0.24547392,0.9905214,-0.22394815,1.238276,-0.3296032,-0.23973183,0.9440479,0.11071766,0.26812276,-0.06450869,-0.015203125,1.3898227
-1.3957473,0.28431794,-0.34684813,-0.9977901,-1.2218287,-0.1760322,0.52537155,0.8543893,0.35823774,0.01854135,1.6925123,-0.06476063
-1.13988,-0.5118856,-0.2146315,0.45686686,0.16533181,-0.08907406,0.85276204,1.3047885,0.8303263,-0.09342819,1.4312173,1.2011585
-0.22658053,0.8748023,0.89338815,1.0696207,-0.5751372,0.35853985,0.76220053,0.11018401,0.22484905,-0.046069022,-0.5284183,-0.7047701
-0.32705843,-0.28899732,-0.25066474,-1.3914891,-0.13426235,-0.34330517,-0.4984117,0.02985039,0.32945746,-0.123078376,-0.1909417,-0.57569087
-1.0682094,0.689896,-1.6555135,-2.1479378,-0.71463627,-0.6731781,-0.67764026,-0.059092864,0.16021602,-0.06632645,-0.3874677,-1.3592687
0.39502499,-0.37089115,-0.06641201,0.21961209,1.574941,0.338906,1.1158551,0.43293157,-0.3663516,-0.094990544,-0.11487057,-0.1592549
0.76987904,-0.014000973,-0.07019632,0.04018529,0.32719338,-0.24739909,-0.53157115,0.24542381,0.3060932,-0.076717116,0.49014935,-0.765057
0.54608405,0.470273,-0.068794586,-1.0940866,-1.3573812,-0.19024396,0.43997338,-0.06735454,0.10526547,-0.12948461,-0.54685926,1.5482373
-0.34478953,-1.2734553,-0.2509972,-0.7069265,-0.014735625,-0.25728557,-0.31700557,-0.21251282,0.4290283,-0.123953015,-0.07160268,-0.4006235
-0.79071426,0.89244366,0.7959107,1.1390152,-0.17268227,-0.3017895,0.8656753,-0.07121319,0.3332845,-0.037130024,0.7648777,1.4399599
-3.3720267,0.38876596,-0.044338826,0.9986074,-0.6467139,-0.07857513,-0.6104743,-0.17458783,0.0869965,-0.09749823,-0.97173774,0.9018054
1.7696137,0.64260834,0.034218818,-0.124714,1.6956761,0.29447463,1.1140461,0.27007326,-0.454096,-0.10886411,0.45183533,0.44585183
-0.24644442,-0.8406933,0.37306085,-0.15789998,-0.09493433,0.13956644,1.6125389,-0.37536448,0.23035479,-0.33289132,0.33217794,1.7434245
-0.65481365,-0.684638,-0.064351924,0.42075685,-0.1296238,-0.58674663,-0.5027681,-0.005706842,0.28609154,-0.024507402,0.648822,-0.53445417
-0.70944613,0.9940392,-0.0882168,1.0847546,-0.3823867,-0.24322261,0.8252703,0.11261397,0.22883758,-0.12473382,0.9377505,1.8309344
-0.6059973,0.8077213,0.21329069,-0.85894537,-0.44166797,0.66991854,0.8196958,0.07645626,0.37370303,0.06535202,0.601541,-0.032122828
-1.2696388,-1.1647565,0.15362363,0.46177363,-1.5096931,-0.32944268,-0.7172849,-0.16111456,-0.16069254,-0.23168735,-1.5362043,-0.5646144
-0.18902268,0.43236905,1.3030534,0.96980846,0.08514733,0.018240789,-0.23162982,0.2041968,0.23658337,-0.016596213,1.4016702,-0.17337283
-0.7457597,0.7936014,-1.434844,-2.468184,-0.7216853,0.1856601,-0.81523675,-0.70208746,0.1903734,-0.12935527,-0.50692356,0.8947772
-1.3015726,0.6513087,-2.1443863,-1.6918038,-0.55048746,0.1503789,0.13305202,0.081705675,0.26842037,-0.121286556,-0.72131294,-1.4098525
2.0478666,-0.38993543,0.023168128,-1.1244445,0.6098702,-0.22192918,-0.5951807,0.19446805,0.30139038,0.034336124,0.5184305,-0.52555835
0.44067594,0.0069504827,-0.23350717,-0.7166014,-0.19051763,-0.2573973,-0.29918557,-0.5210533,0.34690017,-0.052076913,-0.4826557,-0.56998515
0.34239116,-1.3132813,-0.37211293,-0.19220905,-0.32707304,0.24759486,-0.7703035,-0.1368371,-2.1481805,-0.31877297,-0.25124323,1.1890724
0.3989251,-0.3149987,-0.17690752,-1.4800552,0.1785559,0.6744705,0.27312708,0.04803651,0.28186712,-0.03519769,-0.09973661,-0.4627237
0.23207186,-0.4978776,-0.26344833,-0.5995948,-0.26820767,-0.37936118,-0.87345064,-0.11654056,-1.9166703,-0.15950835,-0.6083298,-1.10965
0.35312763,-0.10585674,0.14950381,-0.25958738,-0.33084503,-0.5110645,0.26833934,0.21137422,0.22165185,-0.03199167,-0.15476099,-0.6210197
-0.24418995,-0.50053495,-0.17533684,0.26680928,0.8236047,0.30004555,0.540653,0.31092942,0.52486557,-0.1639311,0.06405104,0.15436989
-1.2327826,0.5174056,-0.16223097,1.1678667,-0.71811086,-0.3316592,-0.5888103,0.072292455,0.22898042,-0.12768798,-0.6290232,1.2746435
-0.6704492,-0.37377325,-0.24041973,0.59992886,-0.011025881,0.47569293,0.24630225,-0.21340276,0.27266714,-0.19226186,0.051274125,1.3842715
0.34895223,-0.03758253,-0.10357665,1.3387167,-0.7931434,0.26838586,0.28683814,0.11747933,0.43513685,-0.12374672,0.7936469,2.293387
-0.27623683,0.106177315,0.45325044,0.6309158,-0.21636574,0.42684168,0.5558067,-0.0086927395,0.2550688,-0.17337857,-0.8162557,1.2686118
2.1277692,0.6665096,0.055451594,-0.6334802,1.3611732,-0.10286423,0.1583424,0.28725865,0.5467898,-0.045094114,-0.051202964,1.1613909
0.56601644,0.7624141,-0.14514019,0.94711906,1.444493,0.43214968,0.28827173,-0.29024106,0.23453769,-0.14348513,-0.1339241,1.2038139
0.71304804,0.91798544,1.2285969,1.018951,0.2658807,0.6235393,1.2506422,0.1434608,-1.0181409,-0.022892058,0.15384908,-0.7773817
1.992499,0.5422002,0.47636423,0.10241876,-0.3162747,0.11450517,-0.45403865,0.15250236,0.4370488,-0.10125407,-0.8003845,1.2844838
0.4659564,-0.46930796,-0.13039139,0.4248091,0.38834366,0.19423443,0.7627517,0.16735154,-0.30435678,-0.1129135,0.057569552,-1.1450696
-0.17056844,-0.5783697,-0.26176614,0.6384382,-0.21128513,-0.38129628,-0.4460849,0.06154672,0.27992275,-0.14954421,-0.33584657,-0.58436275
1.9058155,0.68086416,0.20156696,0.7390029,0.5986023,0.48769608,0.7433592,-0.09974187,0.39221463,0.0069232914,-0.16855475,-0.35767835
-0.9907704,-0.42649198,-0.09071465,0.43486258,-0.6964334,-0.039458804,-0.5085175,-0.0651416,0.31640407,-0.22198196,0.5654877,1.5001502
0.5954509,0.5566229,1.068413,0.7227894,1.5912671,-0.08143917,-0.8277481,0.18227322,-1.0633597,-0.06263718,-0.15911461,-0.23591591
0.3713937,-0.5318691,-0.15080982,-1.0697321,0.9604649,0.44964054,0.057944782,0.19214968,-2.58457,-0.058389418,-0.314336,-0.72402877
-0.26429528,-0.28226486,-0.26743004,0.60434365,0.032512035,-0.14355531,-0.48785323,-0.5340542,0.50783426,-0.051482685,-0.39435387,-0.51521885
0.6671107,-0.41430032,-0.16034782,-0.41613558,1.4173508,-0.2474787,0.13113278,-0.16112156,-1.156115,-0.1043327,-0.20208916,-1.0421628
-0.98857015,-0.46778706,0.537459,0.5040138,0.23818745,0.7139232,-0.4265933,-0.032607418,0.2944499,-0.22234733,-0.12087756,1.4155953
-0.36745876,-0.41404104,0.6532553,-1.6324903,-0.32247472,0.2675407,0.052848697,0.019682575,-0.03213822,-0.110141404,-0.2037407,-0.82269275
0.3662537,0.3634437,-0.36088833,-1.6128339,0.22488311,-0.41185609,0.24274535,0.1493965,-1.1768599,-0.16454074,-0.96929854,-1.0359424
-1.1397812,-0.41605812,-0.27431527,0.48133105,-0.63807666,-0.3808529,-0.46157336,0.09091732,0.23251157,-0.14322242,-0.259179,1.2007389
0.22100161,0.10553364,0.14262529,-1.0667104,0.18819837,-0.1082535,0.19564784,-0.043973282,-1.7176119,-0.071154155,-0.06837068,-0.9883138
-0.8016437,0.6179425,-0.22932586,0.83331937,-0.13858023,0.6153458,-0.502985,-0.36006105,0.47112325,0.023185413,0.083251484,-0.24682379
-1.353882,-0.5151,0.061849944,0.3220283,0.33616054,0.10587585,-0.669909,-0.04687875,0.302301,-0.18186674,0.14755857,1.4088666
-0.33587715,-0.29794353,-0.28787616,0.81391424,0.3304137,0.43204966,-0.7290019,-0.010884494,0.3037784,-0.11739203,-0.30506793,0.96326566
0.7111415,0.67566335,0.9294568,0.8181016,0.4503633,0.07888454,0.9294543,0.18959542,0.30058488,-0.065740526,0.77336264,-0.5764316
-0.21444102,0.5918887,0.75117743,0.5814075,-0.24209568,0.44585457,-0.28196704,-0.532788,0.058089986,0.04645942,-0.24527894,-0.6378018
-0.5123062,-0.7667237,-2.0532298,0.5478374,-0.14842838,-0.6126519,-0.64001137,-0.4763791,0.075711906,-0.13419603,-0.122600175,-1.1453632
-0.85577214,-1.5783695,0.025090508,-1.7046007,-1.7880371,-0.37318298,0.32153666,-0.6183087,0.06858658,-0.22794531,-0.14755788,-1.3668199
-0.9740585,-0.22148824,-0.15081413,0.5905426,-0.66691035,-0.34417823,-0.49762067,-0.47008514,0.34264562,-0.061712388,-0.04620074,-0.4651985
-0.7669534,0.5162097,-0.19673313,1.0620534,-0.20529072,-1.9477749,0.23215215,-0.15697339,-3.6923513,-0.05512884,-1.6816278,0.96556854
-0.9840154,-0.06532259,0.030601565,1.1413337,-0.13914105,-0.15006337,0.62666714,-0.00977706,0.7502492,-0.09155591,0.7139332,1.6050742
-0.5331199,-0.3805031,-0.26377633,0.8433682,-0.22122742,-0.26433888,-0.754524,0.77111363,-0.64177024,-0.18019839,-0.19370592,2.2320578
0.259475,0.51911205,-0.22046112,-1.5172905,-0.34446263,0.43077233,0.32139555,0.08355095,0.33301383,-0.06423781,-0.31286404,-0.8140851
-0.37196758,-0.13151461,-0.14287038,0.6418877,-0.20561965,-0.01301151,0.7742959,0.08391375,0.21343723,-0.026231974,-0.027767621,-0.39967287
0.5177124,-0.0049979743,-0.39581427,-1.0477977,0.36303625,0.29058194,1.0174365,0.12403703,-2.3915756,-0.048970655,-0.09744539,1.1927582
-0.50955784,-0.3328339,-0.34371468,-0.6873761,-0.18311769,-2.3223217,0.5227846,-0.15252908,0.25631788,-0.0883794,-1.4509033,1.030109
-0.9884723,-0.2268014,-0.10543722,1.2799249,-0.5757216,0.46030194,0.85526294,0.057257984,0.28492543,-0.14757434,-0.25959867,2.0196505
2.363653,0.0046424307,-0.027359769,0.06340672,0.6133583,0.5610601,-0.42788178,0.3093678,0.35144717,0.031243838,0.13524695,-0.6763965
-0.87600386,0.147788,-0.42793396,0.7962897,-0.6201008,0.63678116,-0.4599221,0.05932621,0.10563623,0.03132415,0.049674813,-0.4321328
-0.08593781,0.5771693,-0.2896228,0.38102072,0.0887125,0.23038273,-0.58721423,-0.030157892,-0.2403086,-0.13631181,0.019299325,-1.777397
-0.11489705,1.1139711,1.0770496,0.6587418,-0.7169809,-0.39835733,1.113463,0.18896505,-2.03335,0.048203826,-0.06979709,-0.34486738
-0.3663002,-0.6680749,-0.25326878,0.3586657,-0.13558261,-0.34665522,-0.5995328,-0.10490159,0.24240327,-0.054892734,0.71533984,-0.9315495
0.7355418,0.48105392,0.225212,0.9677931,-0.08262804,0.7419985,0.32333907,0.02880165,0.45395377,-0.020760542,0.049790263,-0.6670775
1.9347168,0.59990513,-0.110966,-1.0434631,0.39647844,0.24826406,0.7634369,0.058679175,0.37700567,0.025364377,0.04384852,1.2069925
0.18996324,-1.6236142,0.46741328,-0.28151938,-0.22567664,0.48442623,-0.6584159,-0.1251022,0.2684744,-0.26537165,-0.089225344,-0.53263843
-0.8146137,0.6201823,-0.20363684,1.244584,0.3157326,0.33894253,1.0214518,-0.08088857,0.16665363,-0.02601128,0.09906609,1.7837427
-0.8588407,-0.24114671,-0.049458217,-0.6817806,0.35822532,-0.53667307,-0.59821075,-0.39538455,0.18127696,-0.2102742,-0.09550773,-0.8713669
0.55160415,-0.13411525,-0.1677376,0.90810376,-0.045828413,0.49122253,-0.5496037,0.031755403,0.2863926,0.03373493,0.5403011,-0.14035712
0.060305584,0.89634126,1.3429854,0.84672093,-0.6026373,-0.09478671,0.7129704,-0.15661362,0.34353694,-0.073500454,0.2048363,1.4625823
-2.3042955,-0.33136365,-0.13843761,0.44184908,-0.5489273,-0.4599248,-0.4728725,-0.033303894,0.28837335,-0.062153824,0.06549406,-0.46041182
0.44889623,-0.7889245,-0.0045751343,0.45278528,-0.60611737,-0.47118327,0.17137323,-0.37176752,0.22057305,0.0030770318,-0.4066075,-1.0641639
-0.23995677,0.5906688,-0.05869539,0.551874,-0.64800495,-0.18529423,-0.6023156,0.040290896,0.2733635,-0.062139068,-0.12762813,-0.7651511
0.24642281,-2.724699,-2.3095133,-0.74287444,0.39965707,0.0059212227,-1.0271949,-0.21232782,0.14225356,-0.2947032,-0.21525952,1.2002975
0.18615489,-1.512797,0.49695292,-0.4932823,-0.086692534,-0.086014204,-0.751075,-0.056700118,0.2795693,-0.23142242,-0.4435892,-1.0788323
0.51267153,0.027353546,1.0832922,-1.3851225,0.41117838,-0.34642547,0.22565389,0.1367104,0.21670458,-0.0069275275,0.22140701,-0.583422
0.26240823,0.093193546,-0.26525226,-1.5111933,0.37722448,0.52898574,-0.36789325,-0.22745907,0.29986104,-0.03738846,0.06487085,-0.7370194
-1.095865,-0.3106789,0.17265911,0.2930029,0.0044693244,-0.5112695,-0.4645633,-0.30312762,-0.17469776,-0.20034675,-0.103202105,-1.0043617
1.6573741,0.3985068,-0.39910635,-0.17893782,-0.42541233,-0.2144013,0.27272648,0.25147867,-1.7160447,-0.001506513,-0.14022829,-0.62313527
-0.4605701,0.9014047,-0.31726167,0.73909867,0.3363314,0.5525158,0.19248523,0.060453158,-2.148845,-0.120890826,0.07024278,1.4360064
0.3329872,0.82059366,0.47238523,-1.5236083,-0.288146,0.5134565,1.1027952,0.06102744,-1.8766413,-0.093354255,-0.03764774,2.8253741
-0.4043422,-0.6459656,-0.26859173,0.6458485,-0.39690843,-0.069362,0.13955598,-0.018177813,-3.3390603,-0.15066347,-0.27106413,-0.81900287
-2.422687,-0.17242345,-0.12051741,0.6326652,-1.3657418,-0.3312497,-0.439825,-0.5748714,0.24591702,-0.0723159,-0.60544366,-0.81829464
2.3207436,-0.36188015,0.5574346,-1.0166676,0.43632227,0.33239734,-0.11987924,0.24389245,0.2071231,0.022243809,-0.06620486,-1.3000847
-0.30582085,0.026724488,0.0379574,0.6528372,-0.19832857,-0.025133114,0.59455264,-0.15216419,0.65354496,0.014464969,0.09899323,-0.7968312
0.66354203,0.07982108,-0.1331505,0.8838632,-0.115709886,0.69644845,0.41214472,0.12454013,0.27988142,-0.019487625,0.04119835,-0.33977252
-0.522726,0.7166012,-0.23938897,-1.7725767,-0.3469133,-0.37567002,0.2316012,-0.108989745,0.25705615,-0.06485992,0.17617449,1.1344558
-0.34893468,-0.14416954,-0.23858629,0.6493169,-0.6851151,-0.44493064,-0.42358008,0.123930015,0.3162001,-0.13309936,-0.345578,-0.5597065
0.31697997,-0.444669,-0.076864906,-0.5366928,0.1911543,0.2527617,0.72695136,0.15832894,0.3138648,-0.11394636,0.16402964,1.4301628
-0.20555077,-0.1083849,-0.00981893,0.36068344,0.007033497,0.15028234,-0.38711286,-0.33772206,0.26818404,-0.21767357,-0.04094236,-0.35347405
-0.4364214,-0.14648858,-0.18898357,-0.35031915,-0.38085338,-0.32325962,0.48332164,0.0038876794,0.22019105,-0.18110187,-0.16900931,1.5845547
-0.9612135,-0.15143815,-0.2911421,1.6420097,-1.8364897,-0.5671594,0.7981474,-0.3683359,0.2394483,-0.015174005,-0.56012076,-0.7830363
0.284844,-0.11641533,-0.19251512,-0.1789867,1.6845303,0.46843442,-0.6506605,0.09572194,-1.3632947,-0.03907436,-0.13107148,-0.41720074
0.35608605,0.55654997,0.34176537,-0.71835387,0.38188347,-0.07627671,0.6818161,0.18259114,0.19201645,-0.09064308,-0.10804013,1.565177
-0.52137053,0.77356,-0.04596658,1.0127362,-0.15314844,-0.31587395,0.23864795,0.01802899,0.36539766,-0.011606136,0.89354646,-0.8644707
-0.16122416,0.12915196,0.18062285,0.7387543,0.13322113,0.04954935,-0.5412376,0.17996281,0.22360063,-0.13918237,0.3414737,1.1091086
0.4330019,-0.18646833,0.040500246,-0.04555334,0.022882411,-0.11075109,-0.4503111,0.018365184,0.50507045,-0.12868614,-0.3982026,-0.50333196
0.4606989,-0.012522515,0.27343413,-1.3361195,-1.3267899,0.43718803,-0.4421231,-0.28798875,0.32526085,-0.089229755,-0.06572501,-0.5091726
0.48778337,0.22161147,0.09368861,0.78156036,0.057917118,-0.41353154,0.34633282,0.14517748,0.2952063,0.0047333445,0.16840206,-0.2608884
0.4120826,-0.22217473,0.653729,-0.95334685,0.7159957,-1.3284669,0.8439137,-0.102800526,0.17038772,-0.14130338,-0.06920178,1.2430222
-0.37330508,0.529304,-0.25860545,0.837849,-0.17526291,-0.40831655,-0.6168558,0.15575854,0.3386049,-0.056758247,0.029773874,-0.8167476
0.6359319,0.8098043,-0.6552873,1.6986747,1.8271053,0.038652238,1.5207247,0.03600653,-0.23263058,-0.098666154,0.07972106,1.7235246
-0.48088893,0.5006298,-0.17668127,0.76924384,-0.821214,-0.44267505,-0.44510952,0.05256754,-0.14451583,-0.054187194,0.054537848,-0.28757563
2.1347265,0.6794851,-0.03445249,-0.41059157,-0.13341413,0.37448487,0.9959943,0.1762807,0.32745647,0.057334863,-0.6563701,1.2554742
-0.18610401,-0.6626535,-0.12432018,-0.5421744,0.820637,-0.20866674,1.0822835,0.009480065,0.3200373,-0.13313596,-0.24399556,-0.44839835
-0.29909912,0.054493487,0.013021119,0.6133025,-0.091740206,-0.3023896,-0.42461205,0.13978048,0.3410488,0.0038025703,1.2650166,-0.050137814
0.4185432,-0.065739505,0.020990524,-0.8756961,0.013492586,-0.044097375,0.20196754,-0.2279228,0.25217035,-0.05460058,0.84835327,-0.7676249
-0.2364977,0.68182313,-0.2699179,0.7924549,-0.5121756,0.6425193,0.3260041,0.00010169996,0.31314382,-0.09965415,-0.5390563,1.0573652
-1.0825027,-0.3451411,0.05069773,0.4896376,-0.6684581,-0.30900112,-0.52817535,-0.03495892,0.18690181,-0.04361007,-0.11143369,-0.30155343
2.5349617,-0.3055274,0.71395814,-0.20976329,0.66930443,0.48577294,0.7093638,0.33944064,0.27972448,0.057863623,0.07863564,-0.6916121
-0.16680297,0.058683973,0.31671268,-1.5390325,-0.25829065,0.050943285,-0.36551428,-0.05904568,0.37169093,-0.21505642,0.30265647,1.3320326
0.047074568,-0.027164435,0.56967115,0.63849336,0.5545598,0.85044235,-0.43655887,1.4247609,-1.8016644,-0.014434116,1.1330594,-0.30662268
-0.30025902,-0.12150021,-0.04152324,0.61155516,-0.19383006,-0.34988678,0.2780764,0.16851969,0.4144356,-0.13049361,0.83868307,-0.5145689
-1.4236628,-0.72497076,-1.6847012,-1.5914987,-0.6829365,0.3713464,0.72771883,-0.013404112,0.13233742,-0.024333576,-0.26674035,-1.4009252
0.4152301,-0.26459727,0.19188401,-0.099119894,0.52815586,-0.20339139,0.40242425,0.26714545,0.21013473,-0.10629929,-0.15759778,-0.91236913
-0.90659577,-0.9433302,0.25156522,-1.283943,-0.05889438,-0.30204654,0.26349804,0.094515614,0.27431542,-0.10644612,0.7047161,-0.55054843
0.4703801,0.0028898406,-0.03062591,0.79437137,-0.19846384,-0.34107628,-0.36141267,-0.12912926,-0.07494355,-0.22654065,-1.1916716,-0.74962544
0.43514058,-0.41255754,-0.26672614,0.19216874,-0.29469633,-2.4157302,0.8312321,-0.0026833555,-1.0332001,-0.12310924,-0.7855494,-2.158868
-0.16931048,-1.9104607,-2.3042815,-1.302852,-0.20120773,0.15739566,0.28677645,0.049898684,-2.465673,-0.21945688,-0.303673,-0.58119905
-0.2938939,0.73633164,-0.33841914,0.67610145,-0.7564223,-0.48354423,0.29839393,0.00093950005,0.24718794,-0.014822442,0.038034987,-0.8840571
0.5059957,0.055977717,0.67643464,-0.1359017,0.59142894,0.52909505,0.30539548,0.23906013,0.45413443,-0.106528394,0.24353072,-0.7706605
-0.4622502,-0.46918318,-0.2632805,0.45746103,0.36618635,-0.38846025,-0.6598522,-0.028849216,0.3417261,-0.12483317,-0.4170166,-0.5165918
-1.1210289,-0.63159823,-0.27892306,0.36923474,-0.2130538,-0.30600223,0.20019022,-0.64339817,0.32734892,-0.027416483,-0.51630443,-1.4741956
-0.21665119,-0.15179694,-0.13432828,0.99276286,-0.80095845,0.12738495,0.33610094,0.12743936,0.25272235,0.03979452,0.17347936,-0.7283557
-1.0465652,0.09225714,-0.2306312,0.8748032,-0.12005317,-0.22448824,-0.3870307,0.036973644,0.27056223,-0.051801786,-0.20820332,-0.5066126
-0.25960374,-0.23466642,0.1781321,0.6312563,0.91989,0.10856044,-0.5663497,0.13699292,0.38201505,-0.19678381,0.45130652,1.3469396
-0.34139574,-0.6380938,-0.3764322,0.5887107,-0.46322012,-0.40119618,-0.8452632,-0.054631956,-1.9287324,-0.12007388,0.014485008,-0.48429012
-0.766688,0.14681923,1.0500549,0.7018014,0.11927815,-0.12893537,-0.3883301,0.17121534,0.097888865,0.06584704,1.2696888,0.31528887
-0.32270098,-0.18557133,-0.21721846,0.29907063,-0.09353577,0.40341842,-0.6593267,0.037349995,0.32960248,-0.20255363,-0.03631635,-0.9526364
0.7042711,0.8197755,0.60884595,0.8512182,1.1837299,0.2969471,0.28330746,0.17190337,0.29192537,-0.17316876,0.07185518,2.300039
-0.2432223,-0.89779043,0.47189957,0.13852084,0.31133443,0.12644352,0.15449812,0.011132527,0.2855848,-0.1998958,0.0020077452,-0.8363217
0.5219403,0.6574174,0.5309914,0.9799538,1.4014986,-0.25307453,1.3152272,-0.36046576,0.35129493,-0.12535849,-0.18037991,1.5371625
-0.690062,-0.41265184,0.12607154,0.7678478,0.5098758,0.34324726,-0.72747344,0.10783921,0.24840176,-0.11929162,-0.13020945,-1.3623909
-0.15871124,0.50217205,0.5869749,-0.9590638,-0.6408966,0.38409394,0.3826178,-0.5646933,0.23519462,0.055266447,0.4771386,-0.32436264
-0.42773762,-0.2531683,0.05168464,0.7047226,-0.033442713,0.38103434,-0.5501843,-0.038018167,0.21279642,-0.22142711,0.084878735,1.262559
-0.5831676,0.35338396,-0.33263573,0.39851433,0.02732039,-0.3533378,-0.98661673,0.033927783,-1.8847193,-0.08949355,-0.25409216,-1.023207
-3.114137,-0.50047356,0.049146023,0.34530288,-0.7990447,-0.5154113,-0.7080011,-0.3202078,0.17948994,-0.2273909,-0.114088625,-2.3572223
1.3344402,0.91035414,-0.09015391,-0.4480704,1.1272819,0.11308525,0.023864172,0.13992047,-2.5209498,-0.1254061,0.32638368,1.4809499
0.43503833,-0.1759472,-0.15671003,-0.61581415,1.0892298,-0.38652432,0.26585552,0.07881048,0.3195232,-0.062486142,-0.27027985,-0.9211624
-0.73629874,-0.16611624,-0.16557883,0.61170715,-0.4005242,-0.41664952,0.1829182,0.2608318,0.23422174,-0.100838445,-0.1566338,-0.6108116
-3.0518482,0.73603046,-0.17141956,-2.134146,-0.45889208,-0.2514765,-0.6598157,-0.09540726,0.13461256,-0.119957775,-0.4312643,0.3480749
-0.36590105,-0.27257133,-0.2546471,0.561974,0.53724843,0.067930974,-0.6743447,0.0067803096,0.3295431,-0.19668289,-0.09172091,1.3774194
0.25079274,0.30143067,-0.22216846,-1.4566917,1.4376988,-0.37858957,0.21856514,0.15945154,-1.199861,-0.015452348,-0.11282123,-0.99598634
0.32013834,0.58346695,0.58762914,-0.9506509,0.25995886,-0.3030281,-0.37843144,0.20168376,0.2633115,-0.0720482,-0.0548899,-0.7798902
-0.20239687,0.81334466,-0.123824805,1.2088803,-0.93922573,-0.28676692,0.9418981,0.033156194,0.23026448,-0.1362217,4.461792e-05,1.9286699
-1.078261,-0.47402552,0.22157426,1.0685545,-0.18991289,0.0048111733,0.10950422,0.014989341,0.23843546,-0.14117576,0.07204222,1.5560927
0.49585605,0.20667808,0.3282313,-0.5259092,0.9897861,0.6999793,-0.25216788,0.046311077,0.25241262,-0.114331685,-0.06531467,-0.8057067
0.3523863,-0.23443298,-0.1052552,-0.47780946,-0.019806549,0.17237735,0.18016404,-0.22164187,0.3523932,-0.0979304,-0.16854268,-0.8972438
0.31492707,0.1328642,0.6337272,-0.8385101,0.08017738,-0.03166236,0.32077438,-0.0023555118,0.30786029,-0.016782153,-0.027857915,-0.32407027
-0.4375908,1.188577,-0.2653069,0.99947774,-0.19697583,-0.3574273,-0.62482214,-0.007946514,0.3073796,-0.041709565,-0.14816076,-0.8720519
-0.35717553,0.4688799,0.7890943,1.0388666,-0.21593653,0.5436122,-0.4349391,0.262891,0.2654185,0.06985466,0.153443,-0.04064727
-0.16729338,-0.25544053,-0.26282436,-0.3982956,-0.13810286,-0.7174243,0.73416907,0.20092961,0.30739132,-0.072876625,0.29945013,1.2504627
-0.9959792,-0.66028076,-0.24202886,0.35526943,-0.14536378,0.2962255,0.509453,-0.3068543,0.091804825,-0.16610579,-0.37903196,1.6688421
-0.5135558,0.93632686,-0.023122825,3.804865,1.136478,0.65491545,0.62827873,0.035281178,0.19635333,0.08995507,0.13243331,0.14764988
-1.2622895,-0.3614217,-0.069017366,0.32088614,-0.11900577,-0.07704552,-0.65520203,-0.02355466,0.19567321,-0.20415986,-0.21850903,1.3876044
-0.7282155,-0.22413468,-0.036925536,0.55709934,0.38293925,0.0013237647,-0.5105915,0.005203703,0.31799734,-0.18387732,-0.21463709,1.225565
-0.24350709,0.4985934,0.25754276,0.37605625,0.3925571,-0.11939854,-0.662665,0.10181588,0.23476267,0.085693434,-0.16961645,-0.971498
0.42750874,0.04246338,0.066133,-1.1390185,-0.82806456,-0.1837272,-0.21415049,-0.2648978,0.42807537,0.25883058,0.8579176,1.4806921
0.2189875,-0.13906085,1.0058101,-0.35013363,-0.57966655,1.0063869,-0.17660442,-0.25956365,0.21392691,0.110620946,0.122691266,-1.065456
1.580733,0.40308914,0.0409186,-1.0874258,0.44635513,0.31879145,0.7248361,-0.48746654,0.2878388,-0.14556928,0.005024006,-0.87545776
0.45390636,-0.1438985,0.08759332,-0.52961606,0.36190185,-0.0019768388,-0.481426,0.25517085,0.5699511,0.25605452,0.91179,1.4719216
-0.6523213,0.7427164,-0.11632657,-0.987236,-0.9785717,-0.2623088,-0.3302746,0.061154958,-0.54636854,0.18387483,-0.36533785,1.839184
0.36421454,-0.5953575,-2.6383765,-0.3398344,-0.3267478,-0.37865022,0.24364994,-0.64871997,0.123277515,0.22836792,-0.20567651,-1.6898358
0.5220899,-0.80455816,-0.24305888,0.70479476,-0.5042931,0.5675627,0.36299458,0.16989113,0.35162112,-0.009550687,0.1541004,-0.31057683
0.35667977,0.048587993,0.7000678,-1.4732435,-0.22433989,-0.07957954,0.23474218,-0.22475336,0.27800247,0.11076832,-0.006543246,-0.75947183
-0.8054634,-0.2928024,-0.21598198,0.5464312,0.3465186,-0.35115013,-0.54999167,0.04359608,0.32891622,0.04782438,-0.27955058,-0.88351786
-0.32251745,0.26225728,-0.16952138,-0.66777587,0.34130752,-0.3660758,-0.4930618,0.03595874,0.3073249,0.22845498,-0.44619718,1.2247351
0.3359009,-0.09235285,-0.21723975,-1.4448527,0.40370443,0.021107335,-0.5197691,0.03665782,0.2989517,0.20619597,-0.21537519,1.227713
-0.03645666,-0.13580835,-0.12274329,-0.35339022,-0.49381125,0.051582064,1.1497636,0.028398713,0.39788774,0.376121,0.9946393,1.9222269
2.6535373,-0.093977265,0.6213943,-0.8064527,0.6692292,0.29426154,0.3127202,0.19469528,0.33801058,-0.10029842,0.017354317,-0.74655396
-0.14751345,0.1660611,0.61300594,0.45451865,-0.030527353,1.2113771,-0.22523221,-0.26599553,-0.086321026,0.24437311,-0.5629725,1.3873768
-0.094384596,-0.30709735,-0.3302245,0.25209057,-0.79907864,-0.38719955,-0.7807914,-0.093440324,-1.0915543,0.42400378,-0.16060354,-0.82171464
-1.0664501,0.956172,-0.28320885,0.8495664,-0.27452087,-0.3010182,0.31609377,-0.7958441,0.030584041,0.001954984,-0.102714874,-1.5044268
0.32334903,-0.037373044,-0.07585515,0.49041504,-0.89114165,-0.41270745,-0.47080904,-0.3407177,0.23301478,0.05623057,-0.4388292,-1.1637719
0.19869232,-0.52972394,0.48138657,-1.4788734,0.28824714,-0.058880474,-0.07348134,0.1417479,0.2080493,0.07325253,-0.29195353,-0.80525804
0.24409346,0.31111065,-0.2336298,-0.6668483,0.22116001,-0.3525525,-0.59952736,0.1769458,0.29302904,0.09760804,-0.050281297,-0.7873157
0.33424044,0.04776815,-0.07072149,-1.9821773,0.45548552,0.390424,-0.26415372,0.1052263,0.24231172,0.01854844,0.0651979,-0.9045264
0.47256652,-0.37821808,0.24590679,-0.7872894,0.38321406,-0.028219324,-0.43512034,0.22840211,0.23189941,0.27501306,0.612714,1.4129813
0.36685842,-0.6875558,0.017004639,0.046903647,0.06682305,-0.23830923,-0.53656423,0.17918468,0.6679152,0.18073536,0.16878417,-0.38208267
0.5034668,0.4052096,-0.09911007,0.6566216,-0.027143534,-0.2526617,0.17110436,-0.247196,0.34310088,0.13715558,0.37956086,1.2390497
2.3615904,-0.12456888,1.0711709,-0.720198,1.1638243,-0.046290684,0.26190484,0.28446516,-1.0506411,0.13734005,-0.112960085,-0.4025273
0.6107357,0.048020598,-0.12940983,1.0073619,1.3062425,0.6616436,-0.59389746,0.17764813,0.2565124,-0.008755054,-0.06771619,-0.5498261
1.7339818,-0.09973991,0.44584468,-0.89917517,0.4863256,-0.040246546,0.5847101,0.2832222,-2.970351,-0.019123413,0.027478077,-0.92744553
1.602942,0.014289703,-0.10850039,-0.2859325,0.023369635,-0.24840818,0.46297726,0.11952851,0.2646309,-0.075238466,0.0058188797,-1.1515398
0.36383554,-0.30315527,0.29620746,-0.4213646,1.384412,0.37208772,0.13214184,0.4072402,-1.1049602,0.039547432,0.029823259,-0.93729544
2.1007514,0.37687266,0.5745823,0.15089527,0.30870396,-0.16734827,-0.2074974,0.26835844,0.49199405,0.13217457,0.18751071,-0.23780103
0.2673376,-0.1906178,0.04454215,-0.16066486,-1.2466999,-0.5102072,0.29054138,0.1673079,0.2827789,0.012802664,-0.020050064,-0.66115403
0.2664025,0.36529255,0.2965886,-1.5799035,-0.45732597,-0.5474674,-0.82664424,-0.35437584,-2.7272034,0.22171234,-0.39387745,-1.5078903
0.32783714,-0.2204264,-0.39176074,-0.6361471,-1.0596306,-0.8996866,-0.5621949,0.008510141,0.3443566,0.17603971,-0.02613415,1.066004
0.29513285,0.70084995,-0.14371358,-1.3151137,1.334712,-0.27919164,-0.40913072,-0.25243655,0.29502633,0.099361315,-0.080350816,-0.9104468
-0.17173275,0.6928416,0.63743573,0.4434944,0.32258466,0.3770485,-0.41490614,-0.111423165,0.39247656,0.34864977,0.3722249,-0.22929789
0.37801817,0.027916197,-0.022931393,0.031558573,1.7208581,0.056852713,-0.41331026,0.37571374,-0.56261545,0.42432147,0.6894228,3.0049033
0.50370574,0.13219982,0.33593416,0.03141262,-0.057826288,-0.12246999,-0.44987044,0.05790466,0.49930575,0.15039483,0.015181715,-0.42175543
0.47525257,-0.29957786,-0.16274258,0.7487787,-0.4301318,-0.048232917,0.38994005,0.23561397,0.29777035,0.060902227,-0.13969763,-0.9030186
-0.13657194,-0.20633547,-0.19645101,0.23510432,0.6785329,0.09550779,-0.25992936,-0.006382267,0.35762492,0.27838287,0.3708536,1.4712611
-0.4405221,-0.16235706,-0.002708904,0.12938349,-0.23313831,0.2968305,0.04216978,-0.045977708,0.08112642,0.26653948,-1.1563611,-0.85696054
0.4181152,-0.15335292,0.10223058,-0.05188151,-0.051357724,-0.09130781,0.17142375,0.29067147,0.4015162,0.08159158,-0.15167962,-0.9560689
-0.36603275,-0.48007718,0.13115813,0.5324056,-0.9185412,-0.45368522,0.63510406,0.08357653,-0.053385206,0.03626832,0.11245923,-0.8749153
-0.43662667,-0.23323666,-0.10618959,0.48915404,-0.21548656,-0.2705771,0.16108018,0.078778304,0.22134565,0.1754182,-1.0379078,1.329068
2.0674393,-0.31813192,0.19242054,-0.48923552,0.9212907,-0.16918851,-0.35224152,0.22578084,0.18245205,0.20226036,-0.8648432,1.165509
-0.71876067,-0.89818054,-3.839156,-1.4986433,-0.4039152,-0.42397997,-0.50141764,-0.047781758,-0.27649084,0.24327178,-1.3886977,0.98021245
0.44411218,0.8635989,0.5896502,0.9438982,1.457962,0.46941516,-0.65051466,-0.25928843,-0.93460494,-0.05662637,0.055456724,-0.5422231
0.4972371,-0.42187995,-0.19233567,0.66590285,0.5794967,-0.26160586,0.8635317,-0.283488,0.4153011,0.12846743,-0.43393007,-0.6944889
-0.20776585,-1.057895,0.6005801,-0.63120985,-0.082278304,-0.07150311,0.9008121,-0.09500191,0.15376015,0.18133534,-0.05126302,-1.2099285
-1.0077428,-0.07587796,0.2487176,-0.49771923,-0.10920848,0.87878937,-0.4506016,0.07044142,0.29158425,0.38551337,0.17419893,-0.98989046
-0.2691069,-0.15495774,0.50642776,0.64745617,-0.017256381,-0.3476259,0.28247395,0.03847765,0.34310898,0.16016541,0.21309873,-0.28811875
-0.47456586,0.13063958,0.767733,0.62025994,-0.2070444,0.69295317,-0.3646311,0.044377483,0.2821007,0.094677135,0.03002676,-0.5389403
2.3134253,-0.7853835,0.8431259,-0.7331133,0.29921186,0.56362313,-0.17588279,-0.17272353,0.32316622,0.15196471,0.13740535,-0.9681589
0.36489695,0.1042491,0.2871871,-0.605165,0.019960722,-0.33436087,-0.42518243,-0.05020122,0.35512316,0.23664781,-0.25621513,1.3150722
0.47983903,-0.5971892,0.43666047,-1.2229625,0.12626173,-0.024231762,0.5546077,0.13830121,0.31009322,0.13612942,0.7322041,-0.8089429
0.2554903,0.4188361,-0.13607946,-0.56506777,0.3103286,-0.27017236,0.2771492,0.09796387,0.39031574,0.0043545566,0.64532256,-0.32005212
0.56019145,0.35023868,0.16588129,0.6002485,-0.27655602,-0.39049911,0.29891717,-0.012414714,0.4087034,0.05309357,0.085063115,-0.75616986
-0.9021171,-0.2065018,0.73941725,0.5899261,-0.48388135,-0.2228879,0.7232536,0.12159194,0.41845563,0.084975876,0.1766254,-0.29575
-1.0604664,0.02802263,0.17694539,0.6713152,-0.85837394,-0.38976192,0.5657173,0.12558672,0.27451214,0.059488673,-0.13924485,-1.1493615
-0.4762104,0.4253319,-0.2496625,0.53173757,-0.15695183,-0.21869588,-0.45966935,0.026090248,0.33717042,0.21837421,-0.18549275,1.3610443
2.2529123,-0.3110596,-0.045958273,0.019924391,0.38057572,-0.052273322,0.16080166,0.343614,0.35244322,0.07123548,-0.101645485,-0.9416059
0.33570263,0.12867242,0.2071363,-0.7055265,0.52212167,-0.39681828,-0.30963454,0.08016322,0.2419775,0.044275187,-0.17374374,-0.6824405
0.6590114,-0.3117052,0.82813066,0.6962679,-0.7485617,-0.4165601,-0.44271874,0.13219427,0.34845877,0.18243024,0.20413606,-0.3434398
0.4134423,0.36029813,-0.27424338,-0.8894905,-0.09147969,0.1487614,0.011708441,-0.27817893,0.22376142,0.14287719,-0.52812403,1.3839989
1.6038878,-0.0882863,-0.28983572,-0.11354506,0.4592947,-0.040025596,-0.68712103,0.20328297,-1.8574408,0.086046085,-0.07761954,-0.75965005
-1.8220849,0.15390332,-0.18492332,0.66318434,0.0053502694,-0.14028464,0.29493374,-0.060160622,0.1697078,0.010916328,1.1375991,-0.012470163
0.52236795,0.5529822,-0.22345126,0.789373,0.38054952,0.42403004,-0.51650405,0.14128457,0.28750896,0.18188484,0.027781287,1.1494039
-0.90687984,1.0053368,0.7615044,1.1953032,-0.19428046,-0.23413028,0.23689161,0.04454009,0.04222512,0.09736556,0.25837424,1.1678083
-0.27159777,0.6191098,-0.002824943,1.0442911,-0.16058795,-0.2915324,-0.56341195,0.08656552,0.24905932,0.19132014,-0.017844658,1.4417485
2.3444872,0.044053048,0.7175859,-0.90455765,0.8626157,-0.009930889,0.33870184,0.21496393,0.28750816,0.016628671,0.16735443,-0.9338615
0.16041216,-1.2165476,-0.3492669,-0.3701176,0.54098773,-0.15193737,-0.50978494,-0.17249481,0.22462066,0.112313464,0.5614958,-0.986039
0.26674604,-0.6317851,-0.08655138,-0.13480695,0.56788766,-0.23005167,0.5352054,0.13755652,0.23728901,0.12759782,-0.29087353,-0.60439366
-0.9221704,1.1701384,1.4348994,0.949281,-0.55471355,1.0120951,0.37916777,0.014334777,0.4661287,-0.014739246,-0.26576307,-0.96517855
0.3706596,-0.38089353,-0.10712902,-1.318389,0.66719663,0.30918252,-0.5501713,-0.05460544,0.22901936,0.3444237,-0.016475493,1.4951079
-0.037906278,-0.11067661,-0.3121503,-0.35328278,0.30382422,0.07995822,0.094766125,-0.053483974,0.26151463,0.15474857,0.5265205,1.2588129
-1.0504223,-0.4837528,0.077112846,0.33321783,-0.18299238,-0.41262585,-0.57045895,0.092860155,0.2310549,0.061489236,0.041362356,-1.0507114
0.5321744,0.6142447,0.16529468,0.857883,-0.14061779,0.3246301,0.5576863,0.11622293,0.35982314,0.12699242,0.4875036,1.462777
-0.41257897,-1.2373343,-0.20125662,-1.4749044,-0.8218839,-0.15285449,-0.55312055,-0.06884643,-0.8385863,0.18512195,-0.35633078,1.1194321
-0.014442841,-0.5902043,-3.818953,-1.9550506,-0.84908384,-0.14332613,0.17686053,0.2374264,0.15675376,-0.07478956,0.0651444,-1.3092834
0.4271899,-0.20505698,-0.1447426,-1.0225362,-0.9788726,-0.18982552,-0.345513,0.07544259,-0.09485523,0.15490918,-0.47978115,-0.70212126
-1.169826,-0.09549815,0.14650743,0.356989,-0.76137435,-0.26825842,-0.37693757,0.13454196,0.31018278,0.062417474,-0.21104546,-1.0663618
-1.2555896,-0.41279304,-0.31426206,0.30100328,-0.7506662,-0.26851562,-0.3419861,-0.016872441,0.28421077,-0.0015858747,-0.37599424,-1.0387386
-0.41772473,-0.014903547,-0.047251783,-1.291917,-1.7484108,-0.6220056,-0.0074471245,-0.11872322,-3.2566233,-0.04993478,-0.53628606,-0.838962
0.2745195,-2.0509882,0.7644103,-0.9245732,-1.2256354,0.7728811,-0.50041044,-0.61006844,0.40232623,0.201703,0.103286065,-1.1658691
1.7015305,0.52948684,-2.3444893,-1.0758146,0.5702969,0.049040854,0.28770494,0.11717704,0.26123896,-0.026506422,-0.20524636,-1.033979
0.4660095,-0.060308244,0.08763464,-0.75673354,-0.1049394,-0.10567688,-0.27610177,0.26669508,0.36636567,0.127725,-0.043582454,-0.90834385
-0.446254,-0.33262953,0.73926514,-1.4881799,-0.02741585,0.7024041,-0.23610629,0.011774572,0.38033563,0.16726145,-0.0047234483,-0.4789185
-0.21080227,1.0417564,-0.27779287,0.67576534,-0.73844165,0.73316103,-0.4626812,0.090467125,0.34226176,0.007865977,-0.03926354,-0.34179673
1.5269747,0.32320568,-0.23056506,-0.36821252,-0.9969316,0.21069083,0.46278057,0.132688,-1.4895403,-0.11222526,-0.11225821,-1.1732829
0.4749636,-0.17434521,-0.012334201,0.1681115,0.5309955,0.04413398,-0.3008981,0.20816432,0.23400669,0.15353113,-0.7908967,-0.5913447
0.33726946,0.34636953,-0.3640286,-1.5075192,-0.11526649,-0.026508484,0.06555812,0.024085905,0.3921635,0.13715558,0.2757202,1.149335
0.35072583,0.2595426,-0.23088692,-1.5495261,-0.36922398,0.3066176,-0.41161034,0.0758096,0.30605772,-0.0032081068,-0.12830089,-0.44688928
0.7881316,0.021693232,0.361163,-0.30609712,1.4915745,0.16693965,0.76852214,0.30819353,-0.42552248,0.18861482,0.046221707,1.5479387
0.54509634,0.095767446,-0.19314303,-0.11437413,0.045647543,-0.10024561,-0.35911936,0.288777,0.4564689,0.11337948,-0.11001614,-1.0643891
0.0015100176,-0.5719059,0.6080288,-0.56015223,0.6758907,-0.017095713,1.6940211,0.19027293,0.44100565,0.31613073,-0.09912689,1.5100467
-0.18226896,-1.02876,0.5285079,-1.4911002,-0.015331967,-0.014463825,0.25173166,-0.061006464,0.21585315,0.05643308,1.1474135,-0.3978922
0.29818866,-0.034662895,-0.08829466,-0.987943,1.0315018,-0.04855324,-0.24813554,-0.2660041,0.07691878,0.054531075,-0.051991403,-0.9168733
-0.98284507,0.48274344,-0.032835264,0.60055166,-0.13775147,-0.34186336,-0.5240642,0.025523907,-0.11707056,0.0919678,-0.14504303,-1.1406904
0.42791608,0.077056825,-0.38418773,-1.5003582,-0.65366924,-0.22648373,-0.22097218,0.05700686,0.39511907,0.1310218,-0.097904444,-0.4482198
-0.45589307,-0.25068778,0.3400005,-0.9978805,-0.59562546,0.2565667,0.07565267,0.114024065,-0.19682837,0.20712304,-0.60187835,-0.1569663
0.4414911,-0.15734138,0.35473946,0.07265809,-0.020691203,-0.2047769,-0.3953695,-0.25000316,0.4781593,0.2889422,0.24131525,1.3240739
0.25660226,0.38698474,0.74261063,-1.1027857,-0.7668402,-0.19467749,0.2641685,0.1123462,0.22337271,0.014615765,0.10398964,-1.2176055
-2.822202,-0.06740647,0.55264926,0.69780046,-0.080119506,0.49238008,0.24512462,-0.25993088,0.2045442,0.117714934,0.42122558,1.2418786
0.44636127,0.64542484,0.8066416,0.7897408,-0.7303471,-0.16533214,-0.3816572,0.095363654,0.4044723,0.098875046,0.18729192,-0.36407802
0.50592345,0.06791267,0.41393366,0.10783707,0.43350178,0.35833675,-0.24834687,-0.012295738,0.69871306,0.34481248,0.7561612,-0.47144288
2.2472038,-0.028528389,-0.25740552,-0.19649456,-0.08724294,0.31915084,-0.30914012,0.28978387,0.42439017,0.10071777,-0.059562348,-0.33630309
-1.0408566,0.21271066,0.92356175,0.59979796,-0.10337052,1.0371591,-0.2427016,-0.03624734,0.3153025,0.14625888,0.06370407,-0.3793446
-0.10949525,0.7263848,-0.2827268,0.728418,-0.25469306,-0.059749085,-0.39418748,0.16739747,0.239011,0.08387537,0.059399325,-0.9108459
-0.42542136,-0.25225642,0.01668216,-0.96604156,-0.89790887,0.30387598,-0.5064517,0.039156206,-1.9805261,0.034993324,-0.4390245,-0.79586005
0.34089783,-0.27276456,-0.45076653,-0.5053593,0.6071995,0.35565862,0.0964876,0.04812751,0.32769766,0.09078425,-0.24655226,-0.44249418
-0.7444841,0.6670992,-0.42812902,-1.5704669,-0.6883838,-0.09254629,0.1720961,-0.09688808,-0.65853655,0.14394324,0.031808436,1.3853507
0.42472717,0.6958169,-0.26417786,0.7486445,-0.9011785,0.014151972,0.8299528,0.14127612,0.29473728,0.10167129,-0.19985975,1.488373
0.52766836,0.50477505,-0.22128949,0.64276564,0.2909125,-0.093996584,-0.6047498,-0.24975143,0.3072736,0.101622924,-0.053572413,-0.5204163
-0.85065424,0.018409887,-0.16263211,0.74966836,-0.7472248,-0.24711102,0.533054,0.07545074,0.03939112,0.15266709,0.7654989,1.8157332
0.43191436,-0.19131754,-0.25935376,-1.5003982,1.0321444,-0.108409554,0.5429665,0.12567438,0.12805289,0.11326593,-0.18150023,1.430609
0.68163157,0.69977725,-1.0501323,0.75191796,-0.35628676,0.17433687,-0.47214195,-0.26299858,0.3870445,0.21468945,0.090547204,1.4487283
0.4206511,0.34157515,0.20731679,-1.5075505,-0.30149323,-0.26272514,0.24429657,0.25661892,0.39402187,0.11903315,0.2772077,-0.9254879
-0.12629187,0.052852448,-0.077137366,0.553933,-0.7843677,-0.4888138,-0.50831854,-0.03952416,0.24034132,0.32703766,-0.09961086,1.6375648
-0.55043554,-0.071426876,-0.017955568,0.53019214,-0.084469035,-0.33848286,-0.47295043,-0.19942278,0.3065628,0.06488089,0.009293664,-0.5830469
0.6155604,-0.29835168,-0.64291644,0.76368177,0.3458875,-0.46905172,-0.7222014,0.16131686,0.37116998,0.43286967,0.26696235,3.0326602
0.30008575,0.41133258,-0.21072386,-1.5277526,-1.0255818,-0.13449614,0.9641982,0.280196,-1.0905477,0.08590487,-0.2245103,-1.1348319
0.45074332,-0.69971985,0.55004203,0.37237847,0.033918906,-0.19752572,-0.07719848,0.09153515,0.27848318,0.32208368,-0.14833982,1.3445512
-0.10804901,-1.027808,0.9754559,-0.08952792,0.5079171,-0.22211598,0.66266036,0.1332371,0.21029393,0.21467705,0.052080844,-0.9472188
0.3122221,-0.07476508,0.35950682,8.6138025e-05,1.2088718,-0.004140061,-0.38720873,-0.20353895,0.32351273,0.07467375,-0.16320339,-0.7950708
-0.153637,-0.22371964,-0.18515243,-0.22715431,-0.7118952,0.6700276,-0.3624324,0.030613646,0.30267283,0.051517487,0.006682943,-0.88855356
0.37388775,-0.07173749,0.59656537,-0.91176873,0.46531302,-0.22684541,-0.47279707,0.23143095,0.27379048,0.13103032,-0.1398198,-0.55064654
0.44396713,0.7024575,0.14611918,-1.493995,1.225069,-0.20668598,-0.4031624,-0.27920732,0.3067746,0.22932677,-0.60463315,1.2374289
-1.3024969,-0.089517735,0.6131826,0.4681356,-0.68265605,-0.1134234,0.50321925,0.040145904,0.08045677,0.025315713,0.019932866,-1.0201465
-0.700076,1.3654065,-1.8676506,0.6865646,-0.71107507,0.6595054,0.2634389,-0.0015252782,0.26664114,0.04026315,-0.13087983,-0.94892555
0.23777725,-0.52636075,-0.054780275,0.031175997,0.711992,-0.03475501,0.13182394,0.14023542,0.25578076,0.04268368,0.32812095,-0.5949952
0.2929806,0.050762467,0.42239198,-0.33049843,0.33491835,-0.032784734,0.18176492,0.090226725,0.2728724,0.033152804,0.01959446,-0.5052885
0.39723328,0.15125792,-0.20399562,-1.102343,0.39446092,-0.10973122,0.16830485,-0.016068779,0.23896322,0.039840687,-0.1962407,-0.90957713
0.53590417,0.20184785,1.2481656,-0.030626388,0.6951151,0.044652402,-0.33026624,0.25273842,0.21154979,0.10606938,-0.0561381,-0.5425407
0.3397472,-0.07469531,-0.02806013,-0.1204242,-0.06431498,-0.24836142,-0.24563466,0.13150409,0.16472872,0.07467375,0.0042588697,-0.89543456
0.5319272,-0.29645163,0.55666804,-1.3428534,0.55099124,0.27636874,0.6429553,-0.15772112,0.3463179,0.18120717,0.6232917,1.4704151
-0.11072474,1.0175192,0.7827779,0.73338807,-0.5758502,-0.45483273,-0.44357964,0.18120234,0.38215953,0.023825016,0.08660844,-0.36946803
0.4253476,0.3691593,-0.27997285,-1.4104291,-0.18632412,0.34441715,-0.45832255,-0.30983946,0.37309954,0.19517453,-0.011405346,1.2326603
0.13692833,-1.0696969,-0.18157104,-1.3280118,0.60612124,-0.06381217,-0.7300026,0.19470462,-3.5136628,0.17856523,-0.23174489,-1.003099
0.605053,-0.29340708,-1.044751,0.91586137,-0.45297655,-0.53471386,0.61321163,0.22947693,0.25919732,0.14774175,-0.40986255,-0.92417586
0.5318297,0.59607,0.18989979,0.6640072,0.4367393,0.73303944,0.38250065,0.04660633,0.2848843,0.018942155,-0.18537056,-0.41089654
-0.33409443,0.7081186,-0.1322364,0.4947005,-0.116815895,-0.23039344,-0.45150453,0.031450946,0.22612338,0.20375821,-0.25764492,1.2743535
-0.704515,-0.2076659,0.13484369,-1.4872843,-0.24698818,0.19546114,-0.26874736,-0.105313435,0.18404858,0.33163044,-1.0561328,-0.42244118
0.5343128,-0.6769875,-0.019360457,0.26426253,0.024340682,0.8453423,-0.33420464,0.11608886,0.20365255,0.38351944,0.9886238,1.3381968
0.4547245,-0.02450591,0.41369742,0.19267711,-0.44865876,1.1958678,-0.25568867,-0.23097059,-0.10220853,0.3665812,-0.79189396,0.032880355
-0.39416307,-0.17075476,-0.33525062,0.60180736,-0.8614236,-0.3817423,-0.36785743,-0.1518099,0.32471314,0.11237338,0.00823335,-1.0317283
-0.36057335,-0.13901748,-0.41497698,0.64333826,-1.0846984,0.6715536,-0.49692866,0.10255766,-2.8210096,-0.10959121,-0.12659429,-0.53401923
-0.4232353,-0.47274536,0.07655509,0.5261894,-0.9991592,0.37324643,0.7507133,-0.010502454,0.21911727,0.1767981,-0.9414305,1.7355138
-0.34628677,-0.19775358,0.57058436,0.60755235,-0.8066284,-0.4096923,0.37215436,0.0063464367,0.09733159,0.0422839,-0.69464993,-1.3324769
-0.7832745,-0.5988932,-0.35514337,-0.2575968,0.14021057,-0.11988547,0.7576346,0.5060111,0.23202644,0.26852703,1.1384139,1.9815047
-1.4249926,0.8959352,0.7841312,0.5873173,-0.18986963,0.45310715,-0.33088583,0.0060412236,0.18741857,0.08357153,-0.23461474,-0.5297198
-0.39512518,-0.047898002,-0.21593449,-1.6629136,-0.16989626,0.044592135,-0.3112287,-0.19861433,0.24336694,0.24622563,-1.0116614,1.3574073
-0.01817498,-0.17680688,-0.81273955,0.8540183,-0.3277319,0.32960778,0.22963342,0.13503537,0.2861537,0.16141315,-0.006823964,1.2898008
-0.34943095,-0.13402309,0.59217566,-0.18317246,-0.7315076,-0.30710107,-0.33333716,0.060313076,-1.7534962,0.10880986,-0.028005876,-0.9067589
-0.06670793,-0.18000825,-0.06944755,0.64365286,-0.41694114,1.0538293,0.28007054,0.10803624,0.36459285,0.34903857,-0.10692773,1.7079543
0.44421437,-0.42558992,-0.09543428,0.6752667,1.034834,-0.23968865,-0.2701642,-0.19805962,0.28053057,0.02713792,0.6587872,-0.65817827
1.5609804,0.10023184,-0.58337265,-0.88043797,0.8307269,-0.26105046,-0.10086834,0.21524496,-3.0774243,0.120015875,-0.17402728,1.3862994
-0.39546555,-0.90330684,-0.22961338,-1.2628874,-1.6674085,-0.4207463,-0.46538222,0.04066643,0.1453711,0.1585383,0.02803674,-0.5603887
0.75930214,0.3783207,-0.011885416,-0.35926545,0.30104792,0.63966054,-0.15174997,0.24500868,0.28617254,0.0780768,0.54284704,-0.6652383
0.46056703,0.41998872,0.56857985,0.74767447,0.3480091,0.05655788,0.2427241,0.029006327,0.39544493,0.090243444,0.020853031,1.1164544
-1.3783963,-0.48963195,-0.3042378,0.022315845,-0.2232751,-0.026884837,-0.4034245,-0.05348461,0.15998448,0.11902215,-1.4351906,-0.8544585
-0.038997564,0.65085185,0.036722798,0.47522676,-0.2602037,-0.2833348,-0.67799485,0.16900112,0.37507725,0.34672853,0.67839426,1.7593566
0.47726583,0.08571758,-0.33418143,0.20175342,0.048113663,-0.2942681,-0.3411475,0.14741847,0.51000315,0.094444335,-0.30403495,-0.9369284
-0.18732777,-1.1420131,0.85891116,-0.8370261,-0.7635733,-0.20834346,-0.54229105,-0.6174454,-1.4672806,0.26867983,-0.33760342,-1.3378832
0.5854051,-0.16547742,0.058266178,-0.7579989,0.2135598,0.19651726,-0.27064225,0.22449462,0.3106954,0.3898729,-0.13712107,1.9544775
0.2959216,-0.52428585,-0.19457835,-1.5304466,-0.26617625,-0.3009966,-0.3718496,-0.101524785,-0.24049601,0.19223164,-0.5661227,-0.6122069
-0.9516616,0.78483766,-0.19659951,0.95646423,-0.33997497,-0.16485061,-0.6033639,-0.19164,0.182476,0.17248924,-0.086041816,1.4761074
